{"chunk_definitions":[{"row":20,"row_count":1,"visible":true,"expansion_state":0,"options":{"engine":"r","label":"unnamed-chunk-8"},"document_id":"6F3C4598","chunk_id":"c5zxwan9ohmh7","chunk_label":"unnamed-chunk-1"},{"row":29,"row_count":1,"visible":true,"expansion_state":0,"options":{"engine":"r","label":"unnamed-chunk-10"},"document_id":"6F3C4598","chunk_id":"c340gjvicuogb","chunk_label":"unnamed-chunk-2"},{"row":39,"row_count":1,"visible":true,"expansion_state":0,"options":{"engine":"r","label":"unnamed-chunk-19"},"document_id":"6F3C4598","chunk_id":"cwxdrf1dyn4w5","chunk_label":"unnamed-chunk-3"},{"row":51,"row_count":1,"visible":true,"expansion_state":0,"options":{"engine":"r","label":"unnamed-chunk-25"},"document_id":"6F3C4598","chunk_id":"cnt22ud27cdpm","chunk_label":"unnamed-chunk-4"},{"row":68,"row_count":1,"visible":true,"expansion_state":0,"options":{"engine":"r","label":"unnamed-chunk-27"},"document_id":"6F3C4598","chunk_id":"cuhduw1mvu2yg","chunk_label":"unnamed-chunk-5"},{"row":82,"row_count":1,"visible":true,"expansion_state":0,"options":{"engine":"r","label":"unnamed-chunk-47"},"document_id":"6F3C4598","chunk_id":"coag1n4ys08g0","chunk_label":"unnamed-chunk-6"},{"row":90,"row_count":1,"visible":true,"expansion_state":0,"options":{"engine":"r","label":"unnamed-chunk-49"},"document_id":"6F3C4598","chunk_id":"cy1cinwoq6359","chunk_label":"unnamed-chunk-7"}],"doc_write_time":1661533523,"chunk_rendered_width":700}