"id","kidgen","momage","kidage","homecog","homeemo","occasion","anti","read","kidagetv","kidage6","kidagesq","kidagec","occasion2"
22,0,28,6.08,13,10,0,1,2.1,6.08,0.0800000000000001,0.00640000000000001,0.000512000000000001,0
22,0,28,6.08,13,10,1,2,3.9,8.08,2.08,4.3264,8.998912,1
34,1,28,6.83,9,9,0,3,2.1,6.83,0.83,0.6889,0.571787,0
34,1,28,6.83,9,9,1,6,2.9,8.83,2.83,8.0089,22.665187,1
34,1,28,6.83,9,9,2,4,4.5,10.83,4.83,23.3289,112.678587,4
34,1,28,6.83,9,9,3,5,4.5,12.83,6.83,46.6489,318.611987,9
58,0,28,6.5,9,6,0,0,2.3,6.5,0.5,0.25,0.125,0
58,0,28,6.5,9,6,1,2,4.5,8.5,2.5,6.25,15.625,1
58,0,28,6.5,9,6,2,0,4.2,10.5,4.5,20.25,91.125,4
58,0,28,6.5,9,6,3,1,4.6,12.5,6.5,42.25,274.625,9
122,1,28,7.83,13,10,0,0,3.7,7.83,1.83,3.3489,6.128487,0
122,1,28,7.83,13,10,1,3,8,9.83,3.83,14.6689,56.181887,1
122,1,28,7.83,13,10,2,1,NA,11.83,5.83,33.9889,198.155287,4
122,1,28,7.83,13,10,3,1,NA,13.83,7.83,61.3089,480.048687,9
125,0,29,7.42,10,8,0,1,2.3,7.42,1.42,2.0164,2.863288,0
125,0,29,7.42,10,8,1,1,3.8,9.42,3.42,11.6964,40.001688,1
125,0,29,7.42,10,8,2,2,4.3,11.42,5.42,29.3764,159.220088,4
125,0,29,7.42,10,8,3,1,6.2,13.42,7.42,55.0564,408.518488,9
133,1,28,6.75,8,9,0,3,1.8,6.75,0.75,0.5625,0.421875,0
133,1,28,6.75,8,9,1,4,2.6,8.75,2.75,7.5625,20.796875,1
133,1,28,6.75,8,9,2,3,4.1,10.75,4.75,22.5625,107.171875,4
133,1,28,6.75,8,9,3,5,4,12.75,6.75,45.5625,307.546875,9
163,1,28,7.17,10,10,0,5,3.5,7.17,1.17,1.3689,1.601613,0
163,1,28,7.17,10,10,1,4,4.8,9.17,3.17,10.0489,31.855013,1
163,1,28,7.17,10,10,2,5,5.8,11.17,5.17,26.7289,138.188413,4
163,1,28,7.17,10,10,3,5,7.5,13.17,7.17,51.4089,368.601813,9
190,0,28,6.67,9,8,0,0,2.9,6.67,0.67,0.4489,0.300763,0
190,0,28,6.67,9,8,1,NA,6.1,8.67,2.67,7.1289,19.034163,1
190,0,28,6.67,9,8,3,0,NA,12.67,6.67,44.4889,296.740963,9
227,0,29,6.25,12,10,0,0,1.8,6.25,0.25,0.0625,0.015625,0
227,0,29,6.25,12,10,1,0,3.8,8.25,2.25,5.0625,11.390625,1
227,0,29,6.25,12,10,2,2,4,10.25,4.25,18.0625,76.765625,4
227,0,29,6.25,12,10,3,1,NA,12.25,6.25,39.0625,244.140625,9
248,0,28,7.5,9,9,0,1,3.5,7.5,1.5,2.25,3.375,0
248,0,28,7.5,9,9,1,2,5.7,9.5,3.5,12.25,42.875,1
248,0,28,7.5,9,9,2,2,7,11.5,5.5,30.25,166.375,4
248,0,28,7.5,9,9,3,0,6.9,13.5,7.5,56.25,421.875,9
251,1,29,7.42,6,9,0,2,2.6,7.42,1.42,2.0164,2.863288,0
251,1,29,7.42,6,9,1,3,3.8,9.42,3.42,11.6964,40.001688,1
251,1,29,7.42,6,9,2,4,6.3,11.42,5.42,29.3764,159.220088,4
251,1,29,7.42,6,9,3,4,6.1,13.42,7.42,55.0564,408.518488,9
300,1,28,6.08,7,11,0,0,1.8,6.08,0.0800000000000001,0.00640000000000001,0.000512000000000001,0
300,1,28,6.08,7,11,1,6,3.7,8.08,2.08,4.3264,8.998912,1
300,1,28,6.08,7,11,2,0,4.4,10.08,4.08,16.6464,67.917312,4
300,1,28,6.08,7,11,3,3,4.2,12.08,6.08,36.9664,224.755712,9
326,1,29,6.08,13,10,0,4,1.8,6.08,0.0800000000000001,0.00640000000000001,0.000512000000000001,0
326,1,29,6.08,13,10,1,2,3.2,8.08,2.08,4.3264,8.998912,1
326,1,29,6.08,13,10,3,3,5.4,12.08,6.08,36.9664,224.755712,9
348,1,27,7,10,11,0,1,2.2,7,1,1,1,0
348,1,27,7,10,11,1,0,4,9,3,9,27,1
348,1,27,7,10,11,2,2,5.1,11,5,25,125,4
348,1,27,7,10,11,3,0,6.3,13,7,49,343,9
382,0,27,7.17,7,4,0,0,2.5,7.17,1.17,1.3689,1.601613,0
382,0,27,7.17,7,4,1,0,3.7,9.17,3.17,10.0489,31.855013,1
382,0,27,7.17,7,4,2,0,4.1,11.17,5.17,26.7289,138.188413,4
382,0,27,7.17,7,4,3,0,7.2,13.17,7.17,51.4089,368.601813,9
400,1,27,6,8,8,0,2,2.4,6,0,0,0,0
400,1,27,6,8,8,1,6,5,8,2,4,8,1
400,1,27,6,8,8,2,3,5.1,10,4,16,64,4
400,1,27,6,8,8,3,5,5.8,12,6,36,216,9
405,1,27,6.25,14,11,0,4,3.1,6.25,0.25,0.0625,0.015625,0
405,1,27,6.25,14,11,1,4,4.1,8.25,2.25,5.0625,11.390625,1
405,1,27,6.25,14,11,3,4,5.5,12.25,6.25,39.0625,244.140625,9
427,1,28,7.5,9,3,0,3,2.8,7.5,1.5,2.25,3.375,0
427,1,28,7.5,9,3,1,2,5.7,9.5,3.5,12.25,42.875,1
427,1,28,7.5,9,3,2,3,5.3,11.5,5.5,30.25,166.375,4
427,1,28,7.5,9,3,3,4,5.8,13.5,7.5,56.25,421.875,9
431,0,27,6.42,10,9,0,0,1.4,6.42,0.42,0.1764,0.074088,0
431,0,27,6.42,10,9,1,1,2.2,8.42,2.42,5.8564,14.172488,1
431,0,27,6.42,10,9,2,1,2.3,10.42,4.42,19.5364,86.350888,4
431,0,27,6.42,10,9,3,0,NA,12.42,6.42,41.2164,264.609288,9
480,0,27,7.67,10,11,0,0,3.5,7.67,1.67,2.7889,4.657463,0
480,0,27,7.67,10,11,1,1,4.3,9.67,3.67,13.4689,49.430863,1
480,0,27,7.67,10,11,2,2,4.8,11.67,5.67,32.1489,182.284263,4
480,0,27,7.67,10,11,3,1,5.9,13.67,7.67,58.8289,451.217663,9
484,0,28,8,13,11,0,0,6.7,8,2,4,8,0
484,0,28,8,13,11,1,0,8.2,10,4,16,64,1
484,0,28,8,13,11,2,1,6.9,12,6,36,216,4
484,0,28,8,13,11,3,0,NA,14,8,64,512,9
486,1,27,6.67,7,7,0,1,3.1,6.67,0.67,0.4489,0.300763,0
486,1,27,6.67,7,7,1,1,4.7,8.67,2.67,7.1289,19.034163,1
486,1,27,6.67,7,7,2,0,5.6,10.67,4.67,21.8089,101.847563,4
486,1,27,6.67,7,7,3,1,6.4,12.67,6.67,44.4889,296.740963,9
494,1,27,7.42,10,9,0,2,2.3,7.42,1.42,2.0164,2.863288,0
494,1,27,7.42,10,9,1,6,4.1,9.42,3.42,11.6964,40.001688,1
494,1,27,7.42,10,9,2,5,5.8,11.42,5.42,29.3764,159.220088,4
494,1,27,7.42,10,9,3,4,6.9,13.42,7.42,55.0564,408.518488,9
509,1,27,6.33,11,10,0,3,2.1,6.33,0.33,0.1089,0.035937,0
509,1,27,6.33,11,10,1,3,3.9,8.33,2.33,5.4289,12.649337,1
509,1,27,6.33,11,10,2,2,5,10.33,4.33,18.7489,81.182737,4
509,1,27,6.33,11,10,3,9,5.3,12.33,6.33,40.0689,253.636137,9
522,0,27,7.17,9,9,0,1,3,7.17,1.17,1.3689,1.601613,0
522,0,27,7.17,9,9,1,NA,4.2,9.17,3.17,10.0489,31.855013,1
522,0,27,7.17,9,9,2,2,5.6,11.17,5.17,26.7289,138.188413,4
522,0,27,7.17,9,9,3,1,6.2,13.17,7.17,51.4089,368.601813,9
533,0,28,6.42,11,8,0,0,1.8,6.42,0.42,0.1764,0.074088,0
533,0,28,6.42,11,8,1,0,2.7,8.42,2.42,5.8564,14.172488,1
533,0,28,6.42,11,8,2,1,4,10.42,4.42,19.5364,86.350888,4
533,0,28,6.42,11,8,3,0,4.5,12.42,6.42,41.2164,264.609288,9
555,0,28,7.75,9,5,0,1,3.8,7.75,1.75,3.0625,5.359375,0
555,0,28,7.75,9,5,1,3,5.7,9.75,3.75,14.0625,52.734375,1
555,0,28,7.75,9,5,2,0,6.2,11.75,5.75,33.0625,190.109375,4
555,0,28,7.75,9,5,3,0,6.8,13.75,7.75,60.0625,465.484375,9
568,0,27,6,8,8,0,2,1.8,6,0,0,0,0
568,0,27,6,8,8,1,0,4.2,8,2,4,8,1
568,0,27,6,8,8,2,1,5.1,10,4,16,64,4
568,0,27,6,8,8,3,2,7.2,12,6,36,216,9
637,1,27,6.17,4,6,0,0,2.6,6.17,0.17,0.0289,0.00491299999999999,0
637,1,27,6.17,4,6,1,3,2.5,8.17,2.17,4.7089,10.218313,1
637,1,27,6.17,4,6,2,2,3.3,10.17,4.17,17.3889,72.511713,4
637,1,27,6.17,4,6,3,2,4.4,12.17,6.17,38.0689,234.885113,9
648,0,27,8,7,7,0,5,3.6,8,2,4,8,0
648,0,27,8,7,7,1,0,5.2,10,4,16,64,1
648,0,27,8,7,7,2,5,6,12,6,36,216,4
648,0,27,8,7,7,3,3,7.5,14,8,64,512,9
689,0,26,6,12,13,0,0,1.8,6,0,0,0,0
689,0,26,6,12,13,1,1,2.4,8,2,4,8,1
689,0,26,6,12,13,2,2,3.7,10,4,16,64,4
689,0,26,6,12,13,3,2,5.4,12,6,36,216,9
747,1,26,6.67,6,9,0,1,3,6.67,0.67,0.4489,0.300763,0
747,1,26,6.67,6,9,1,4,4.7,8.67,2.67,7.1289,19.034163,1
747,1,26,6.67,6,9,2,1,6.5,10.67,4.67,21.8089,101.847563,4
747,1,26,6.67,6,9,3,1,6.1,12.67,6.67,44.4889,296.740963,9
756,0,26,6.5,9,7,0,3,2.3,6.5,0.5,0.25,0.125,0
756,0,26,6.5,9,7,1,2,4.2,8.5,2.5,6.25,15.625,1
756,0,26,6.5,9,7,3,5,6.7,12.5,6.5,42.25,274.625,9
761,1,26,7.83,9,11,0,1,2.1,7.83,1.83,3.3489,6.128487,0
761,1,26,7.83,9,11,1,3,2.5,9.83,3.83,14.6689,56.181887,1
761,1,26,7.83,9,11,2,3,4,11.83,5.83,33.9889,198.155287,4
761,1,26,7.83,9,11,3,1,3.3,13.83,7.83,61.3089,480.048687,9
768,0,27,6.92,12,11,0,0,2.8,6.92,0.92,0.8464,0.778688,0
768,0,27,6.92,12,11,1,0,5,8.92,2.92,8.5264,24.897088,1
768,0,27,6.92,12,11,2,0,6,10.92,4.92,24.2064,119.095488,4
768,0,27,6.92,12,11,3,0,6.1,12.92,6.92,47.8864,331.373888,9
780,1,26,6.08,9,11,0,1,1.8,6.08,0.0800000000000001,0.00640000000000001,0.000512000000000001,0
780,1,26,6.08,9,11,1,3,2.9,8.08,2.08,4.3264,8.998912,1
780,1,26,6.08,9,11,2,2,6,10.08,4.08,16.6464,67.917312,4
780,1,26,6.08,9,11,3,3,NA,12.08,6.08,36.9664,224.755712,9
798,0,27,6,10,12,0,1,1.8,6,0,0,0,0
798,0,27,6,10,12,1,3,2.4,8,2,4,8,1
798,0,27,6,10,12,2,3,3.5,10,4,16,64,4
798,0,27,6,10,12,3,5,4.4,12,6,36,216,9
813,1,26,7,3,7,0,1,2.8,7,1,1,1,0
813,1,26,7,3,7,1,2,3.8,9,3,9,27,1
813,1,26,7,3,7,2,3,3.9,11,5,25,125,4
813,1,26,7,3,7,3,1,5,13,7,49,343,9
828,0,26,6.42,9,7,0,2,1.7,6.42,0.42,0.1764,0.074088,0
828,0,26,6.42,9,7,1,2,2.8,8.42,2.42,5.8564,14.172488,1
828,0,26,6.42,9,7,2,4,3.9,10.42,4.42,19.5364,86.350888,4
828,0,26,6.42,9,7,3,3,4.8,12.42,6.42,41.2164,264.609288,9
851,0,26,6.5,9,8,0,2,3.1,6.5,0.5,0.25,0.125,0
851,0,26,6.5,9,8,1,5,5.2,8.5,2.5,6.25,15.625,1
851,0,26,6.5,9,8,2,5,6.2,10.5,4.5,20.25,91.125,4
851,0,26,6.5,9,8,3,7,6.8,12.5,6.5,42.25,274.625,9
858,1,26,6.25,13,10,0,4,1.3,6.25,0.25,0.0625,0.015625,0
858,1,26,6.25,13,10,1,0,2.3,8.25,2.25,5.0625,11.390625,1
858,1,26,6.25,13,10,2,4,2.5,10.25,4.25,18.0625,76.765625,4
858,1,26,6.25,13,10,3,4,3.4,12.25,6.25,39.0625,244.140625,9
865,0,26,7.5,7,7,0,4,2.3,7.5,1.5,2.25,3.375,0
865,0,26,7.5,7,7,1,0,4.1,9.5,3.5,12.25,42.875,1
865,0,26,7.5,7,7,3,6,5.4,13.5,7.5,56.25,421.875,9
894,1,27,6.17,12,9,0,1,1.8,6.17,0.17,0.0289,0.00491299999999999,0
894,1,27,6.17,12,9,1,3,3.5,8.17,2.17,4.7089,10.218313,1
894,1,27,6.17,12,9,2,3,3.7,10.17,4.17,17.3889,72.511713,4
894,1,27,6.17,12,9,3,2,5.6,12.17,6.17,38.0689,234.885113,9
906,1,26,6.5,10,12,0,0,1.7,6.5,0.5,0.25,0.125,0
906,1,26,6.5,10,12,1,2,2.1,8.5,2.5,6.25,15.625,1
906,1,26,6.5,10,12,2,3,NA,10.5,4.5,20.25,91.125,4
906,1,26,6.5,10,12,3,2,2.5,12.5,6.5,42.25,274.625,9
911,1,26,7.75,7,8,0,3,1.9,7.75,1.75,3.0625,5.359375,0
911,1,26,7.75,7,8,1,0,2.3,9.75,3.75,14.0625,52.734375,1
911,1,26,7.75,7,8,2,4,3,11.75,5.75,33.0625,190.109375,4
911,1,26,7.75,7,8,3,1,2.8,13.75,7.75,60.0625,465.484375,9
936,0,26,8,10,10,0,0,3.3,8,2,4,8,0
936,0,26,8,10,10,1,0,4.4,10,4,16,64,1
936,0,26,8,10,10,2,1,5.9,12,6,36,216,4
936,0,26,8,10,10,3,0,5.8,14,8,64,512,9
939,1,26,7.42,8,10,0,4,3.1,7.42,1.42,2.0164,2.863288,0
939,1,26,7.42,8,10,1,2,4.1,9.42,3.42,11.6964,40.001688,1
939,1,26,7.42,8,10,2,2,4.7,11.42,5.42,29.3764,159.220088,4
939,1,26,7.42,8,10,3,3,5.1,13.42,7.42,55.0564,408.518488,9
945,0,27,7.83,8,11,0,1,2.7,7.83,1.83,3.3489,6.128487,0
945,0,27,7.83,8,11,1,0,4.9,9.83,3.83,14.6689,56.181887,1
945,0,27,7.83,8,11,2,1,5,11.83,5.83,33.9889,198.155287,4
945,0,27,7.83,8,11,3,0,NA,13.83,7.83,61.3089,480.048687,9
957,0,27,7.08,13,6,0,1,2.1,7.08,1.08,1.1664,1.259712,0
957,0,27,7.08,13,6,1,1,4,9.08,3.08,9.4864,29.218112,1
957,0,27,7.08,13,6,2,1,4.4,11.08,5.08,25.8064,131.096512,4
963,1,27,6.25,12,11,0,6,1.9,6.25,0.25,0.0625,0.015625,0
963,1,27,6.25,12,11,1,5,3,8.25,2.25,5.0625,11.390625,1
963,1,27,6.25,12,11,2,3,4.1,10.25,4.25,18.0625,76.765625,4
963,1,27,6.25,12,11,3,4,4.4,12.25,6.25,39.0625,244.140625,9
970,0,26,7.58,7,11,0,2,2.2,7.58,1.58,2.4964,3.944312,0
970,0,26,7.58,7,11,1,5,3.9,9.58,3.58,12.8164,45.882712,1
970,0,26,7.58,7,11,2,1,5.7,11.58,5.58,31.1364,173.741112,4
970,0,26,7.58,7,11,3,2,6,13.58,7.58,57.4564,435.519512,9
1031,0,26,6.33,8,7,0,0,2.5,6.33,0.33,0.1089,0.035937,0
1031,0,26,6.33,8,7,1,0,4,8.33,2.33,5.4289,12.649337,1
1031,0,26,6.33,8,7,2,2,4.4,10.33,4.33,18.7489,81.182737,4
1031,0,26,6.33,8,7,3,0,5.5,12.33,6.33,40.0689,253.636137,9
1036,1,26,6.92,8,12,0,0,2.4,6.92,0.92,0.8464,0.778688,0
1036,1,26,6.92,8,12,1,3,3.9,8.92,2.92,8.5264,24.897088,1
1036,1,26,6.92,8,12,2,4,5.1,10.92,4.92,24.2064,119.095488,4
1036,1,26,6.92,8,12,3,1,5.6,12.92,6.92,47.8864,331.373888,9
1048,0,25,6.42,8,9,0,0,2,6.42,0.42,0.1764,0.074088,0
1048,0,25,6.42,8,9,1,1,4,8.42,2.42,5.8564,14.172488,1
1048,0,25,6.42,8,9,2,1,NA,10.42,4.42,19.5364,86.350888,4
1048,0,25,6.42,8,9,3,2,5.7,12.42,6.42,41.2164,264.609288,9
1050,0,25,6.17,10,11,0,1,2.1,6.17,0.17,0.0289,0.00491299999999999,0
1050,0,25,6.17,10,11,1,0,NA,8.17,2.17,4.7089,10.218313,1
1050,0,25,6.17,10,11,2,0,4.5,10.17,4.17,17.3889,72.511713,4
1050,0,25,6.17,10,11,3,0,5.3,12.17,6.17,38.0689,234.885113,9
1072,1,25,8,8,9,0,6,1.7,8,2,4,8,0
1072,1,25,8,8,9,1,6,2.1,10,4,16,64,1
1076,0,25,6.75,13,11,0,0,2,6.75,0.75,0.5625,0.421875,0
1076,0,25,6.75,13,11,1,0,4.3,8.75,2.75,7.5625,20.796875,1
1076,0,25,6.75,13,11,2,2,5,10.75,4.75,22.5625,107.171875,4
1076,0,25,6.75,13,11,3,2,5.7,12.75,6.75,45.5625,307.546875,9
1086,0,25,6.92,6,8,0,0,2.2,6.92,0.92,0.8464,0.778688,0
1086,0,25,6.92,6,8,1,2,3.2,8.92,2.92,8.5264,24.897088,1
1086,0,25,6.92,6,8,2,0,4.6,10.92,4.92,24.2064,119.095488,4
1086,0,25,6.92,6,8,3,1,5.6,12.92,6.92,47.8864,331.373888,9
1091,0,25,7.5,11,7,0,0,4.4,7.5,1.5,2.25,3.375,0
1111,0,25,8,5,9,0,1,2,8,2,4,8,0
1111,0,25,8,5,9,1,0,2.6,10,4,16,64,1
1111,0,25,8,5,9,2,3,3.4,12,6,36,216,4
1123,0,25,6.5,11,11,0,1,2.1,6.5,0.5,0.25,0.125,0
1123,0,25,6.5,11,11,1,2,3.2,8.5,2.5,6.25,15.625,1
1123,0,25,6.5,11,11,2,1,4.9,10.5,4.5,20.25,91.125,4
1123,0,25,6.5,11,11,3,2,5.9,12.5,6.5,42.25,274.625,9
1135,0,25,8,9,11,0,0,3.2,8,2,4,8,0
1135,0,25,8,9,11,1,1,4,10,4,16,64,1
1135,0,25,8,9,11,2,1,4.4,12,6,36,216,4
1135,0,25,8,9,11,3,3,5.9,14,8,64,512,9
1139,0,25,7.92,12,11,0,0,2.4,7.92,1.92,3.6864,7.077888,0
1139,0,25,7.92,12,11,1,0,3.6,9.92,3.92,15.3664,60.236288,1
1139,0,25,7.92,12,11,2,0,4.6,11.92,5.92,35.0464,207.474688,4
1139,0,25,7.92,12,11,3,0,5.1,13.92,7.92,62.7264,496.793088,9
1166,1,26,6.75,4,9,0,4,1.8,6.75,0.75,0.5625,0.421875,0
1166,1,26,6.75,4,9,1,2,2.6,8.75,2.75,7.5625,20.796875,1
1166,1,26,6.75,4,9,2,1,3.8,10.75,4.75,22.5625,107.171875,4
1166,1,26,6.75,4,9,3,NA,3.9,12.75,6.75,45.5625,307.546875,9
1170,1,26,7.83,8,9,0,3,2.9,7.83,1.83,3.3489,6.128487,0
1170,1,26,7.83,8,9,1,NA,4,9.83,3.83,14.6689,56.181887,1
1170,1,26,7.83,8,9,2,2,5.1,11.83,5.83,33.9889,198.155287,4
1193,1,25,7.17,8,7,0,5,2.6,7.17,1.17,1.3689,1.601613,0
1193,1,25,7.17,8,7,1,2,3.5,9.17,3.17,10.0489,31.855013,1
1193,1,25,7.17,8,7,2,1,4.1,11.17,5.17,26.7289,138.188413,4
1193,1,25,7.17,8,7,3,7,6.2,13.17,7.17,51.4089,368.601813,9
1204,0,25,8,5,6,0,0,3.5,8,2,4,8,0
1204,0,25,8,5,6,1,0,4.3,10,4,16,64,1
1204,0,25,8,5,6,2,3,4.8,12,6,36,216,4
1204,0,25,8,5,6,3,0,5.6,14,8,64,512,9
1220,0,26,7.58,9,4,0,1,4.6,7.58,1.58,2.4964,3.944312,0
1220,0,26,7.58,9,4,1,3,6,9.58,3.58,12.8164,45.882712,1
1220,0,26,7.58,9,4,2,2,6.1,11.58,5.58,31.1364,173.741112,4
1220,0,26,7.58,9,4,3,1,6.1,13.58,7.58,57.4564,435.519512,9
1240,0,25,7.92,12,11,0,0,4.7,7.92,1.92,3.6864,7.077888,0
1240,0,25,7.92,12,11,1,0,6,9.92,3.92,15.3664,60.236288,1
1240,0,25,7.92,12,11,2,0,7,11.92,5.92,35.0464,207.474688,4
1240,0,25,7.92,12,11,3,0,8,13.92,7.92,62.7264,496.793088,9
1258,0,25,7.92,10,6,0,6,2.5,7.92,1.92,3.6864,7.077888,0
1258,0,25,7.92,10,6,1,6,NA,9.92,3.92,15.3664,60.236288,1
1258,0,25,7.92,10,6,2,3,6.9,11.92,5.92,35.0464,207.474688,4
1258,0,25,7.92,10,6,3,4,5.1,13.92,7.92,62.7264,496.793088,9
1271,0,25,7.67,9,6,0,2,3.1,7.67,1.67,2.7889,4.657463,0
1271,0,25,7.67,9,6,1,1,4.1,9.67,3.67,13.4689,49.430863,1
1271,0,25,7.67,9,6,2,0,5.8,11.67,5.67,32.1489,182.284263,4
1271,0,25,7.67,9,6,3,1,7.4,13.67,7.67,58.8289,451.217663,9
1294,0,26,7.83,7,8,0,1,4,7.83,1.83,3.3489,6.128487,0
1294,0,26,7.83,7,8,1,0,5.5,9.83,3.83,14.6689,56.181887,1
1294,0,26,7.83,7,8,2,0,8.1,11.83,5.83,33.9889,198.155287,4
1331,0,25,7,8,9,0,0,2.1,7,1,1,1,0
1331,0,25,7,8,9,1,2,3,9,3,9,27,1
1331,0,25,7,8,9,2,2,4,11,5,25,125,4
1331,0,25,7,8,9,3,0,4,13,7,49,343,9
1335,1,25,7.5,5,7,0,1,3.6,7.5,1.5,2.25,3.375,0
1335,1,25,7.5,5,7,1,1,3.8,9.5,3.5,12.25,42.875,1
1335,1,25,7.5,5,7,2,1,5.3,11.5,5.5,30.25,166.375,4
1335,1,25,7.5,5,7,3,2,5.9,13.5,7.5,56.25,421.875,9
1361,1,25,7.33,11,12,0,1,4,7.33,1.33,1.7689,2.352637,0
1361,1,25,7.33,11,12,1,2,6.1,9.33,3.33,11.0889,36.926037,1
1361,1,25,7.33,11,12,2,1,7.5,11.33,5.33,28.4089,151.419437,4
1361,1,25,7.33,11,12,3,2,6.6,13.33,7.33,53.7289,393.832837,9
1378,1,26,7.67,11,12,0,3,3.2,7.67,1.67,2.7889,4.657463,0
1378,1,26,7.67,11,12,1,1,3.6,9.67,3.67,13.4689,49.430863,1
1378,1,26,7.67,11,12,2,1,4.2,11.67,5.67,32.1489,182.284263,4
1378,1,26,7.67,11,12,3,0,4.4,13.67,7.67,58.8289,451.217663,9
1386,1,25,7.58,7,12,0,5,2.4,7.58,1.58,2.4964,3.944312,0
1386,1,25,7.58,7,12,2,0,3.3,11.58,5.58,31.1364,173.741112,4
1386,1,25,7.58,7,12,3,0,NA,13.58,7.58,57.4564,435.519512,9
1392,0,26,7.83,4,10,0,2,2.8,7.83,1.83,3.3489,6.128487,0
1392,0,26,7.83,4,10,1,NA,5.1,9.83,3.83,14.6689,56.181887,1
1392,0,26,7.83,4,10,2,0,7.7,11.83,5.83,33.9889,198.155287,4
1392,0,26,7.83,4,10,3,2,6.7,13.83,7.83,61.3089,480.048687,9
1412,1,25,6.33,10,7,0,2,5.6,6.33,0.33,0.1089,0.035937,0
1412,1,25,6.33,10,7,1,3,4.6,8.33,2.33,5.4289,12.649337,1
1412,1,25,6.33,10,7,2,2,6,10.33,4.33,18.7489,81.182737,4
1412,1,25,6.33,10,7,3,2,6.3,12.33,6.33,40.0689,253.636137,9
1419,1,24,6.83,8,8,0,1,1.8,6.83,0.83,0.6889,0.571787,0
1419,1,24,6.83,8,8,1,1,3,8.83,2.83,8.0089,22.665187,1
1422,0,25,6.33,8,8,0,1,1.8,6.33,0.33,0.1089,0.035937,0
1422,0,25,6.33,8,8,1,4,3.8,8.33,2.33,5.4289,12.649337,1
1422,0,25,6.33,8,8,2,1,4.7,10.33,4.33,18.7489,81.182737,4
1456,0,24,6.75,9,11,0,0,2.3,6.75,0.75,0.5625,0.421875,0
1456,0,24,6.75,9,11,1,0,4.4,8.75,2.75,7.5625,20.796875,1
1456,0,24,6.75,9,11,2,2,5.6,10.75,4.75,22.5625,107.171875,4
1456,0,24,6.75,9,11,3,5,7.2,12.75,6.75,45.5625,307.546875,9
1463,1,25,7.08,9,7,0,1,2.2,7.08,1.08,1.1664,1.259712,0
1463,1,25,7.08,9,7,1,2,3.7,9.08,3.08,9.4864,29.218112,1
1463,1,25,7.08,9,7,2,2,4.8,11.08,5.08,25.8064,131.096512,4
1463,1,25,7.08,9,7,3,4,5.4,13.08,7.08,50.1264,354.894912,9
1466,0,24,7.83,10,7,0,1,3.5,7.83,1.83,3.3489,6.128487,0
1466,0,24,7.83,10,7,1,0,4.2,9.83,3.83,14.6689,56.181887,1
1466,0,24,7.83,10,7,2,0,4.9,11.83,5.83,33.9889,198.155287,4
1466,0,24,7.83,10,7,3,3,4.4,13.83,7.83,61.3089,480.048687,9
1491,1,25,6.58,12,11,0,2,2.3,6.58,0.58,0.3364,0.195112,0
1491,1,25,6.58,12,11,1,0,4.2,8.58,2.58,6.6564,17.173512,1
1491,1,25,6.58,12,11,2,1,5.3,10.58,4.58,20.9764,96.071912,4
1491,1,25,6.58,12,11,3,0,5.4,12.58,6.58,43.2964,284.890312,9
1498,1,24,6.58,10,11,0,1,3.8,6.58,0.58,0.3364,0.195112,0
1498,1,24,6.58,10,11,1,3,5.5,8.58,2.58,6.6564,17.173512,1
1498,1,24,6.58,10,11,2,0,7.8,10.58,4.58,20.9764,96.071912,4
1498,1,24,6.58,10,11,3,2,NA,12.58,6.58,43.2964,284.890312,9
1515,1,24,6.5,8,10,0,4,2.1,6.5,0.5,0.25,0.125,0
1515,1,24,6.5,8,10,1,3,3,8.5,2.5,6.25,15.625,1
1515,1,24,6.5,8,10,2,5,3.7,10.5,4.5,20.25,91.125,4
1515,1,24,6.5,8,10,3,4,4.8,12.5,6.5,42.25,274.625,9
1530,1,24,7.17,8,12,0,0,2.7,7.17,1.17,1.3689,1.601613,0
1530,1,24,7.17,8,12,1,0,4.7,9.17,3.17,10.0489,31.855013,1
1530,1,24,7.17,8,12,2,0,5.9,11.17,5.17,26.7289,138.188413,4
1530,1,24,7.17,8,12,3,0,6.9,13.17,7.17,51.4089,368.601813,9
1537,0,24,6.25,6,7,0,1,1.8,6.25,0.25,0.0625,0.015625,0
1537,0,24,6.25,6,7,1,0,3.1,8.25,2.25,5.0625,11.390625,1
1537,0,24,6.25,6,7,2,1,3.7,10.25,4.25,18.0625,76.765625,4
1537,0,24,6.25,6,7,3,2,4.3,12.25,6.25,39.0625,244.140625,9
1550,0,24,7.42,5,8,0,4,3.9,7.42,1.42,2.0164,2.863288,0
1550,0,24,7.42,5,8,1,2,5.1,9.42,3.42,11.6964,40.001688,1
1552,1,25,6,13,8,0,3,1.8,6,0,0,0,0
1552,1,25,6,13,8,1,0,3.5,8,2,4,8,1
1552,1,25,6,13,8,2,3,4.5,10,4,16,64,4
1552,1,25,6,13,8,3,0,5.9,12,6,36,216,9
1559,0,24,8,10,3,0,4,2.3,8,2,4,8,0
1559,0,24,8,10,3,1,4,2.7,10,4,16,64,1
1559,0,24,8,10,3,2,3,4.1,12,6,36,216,4
1559,0,24,8,10,3,3,2,4.4,14,8,64,512,9
1577,1,25,6.67,2,0,0,4,1.8,6.67,0.67,0.4489,0.300763,0
1577,1,25,6.67,2,0,1,8,2.6,8.67,2.67,7.1289,19.034163,1
1577,1,25,6.67,2,0,2,6,3.3,10.67,4.67,21.8089,101.847563,4
1582,0,24,6.33,11,8,0,5,2.3,6.33,0.33,0.1089,0.035937,0
1582,0,24,6.33,11,8,1,1,6,8.33,2.33,5.4289,12.649337,1
1582,0,24,6.33,11,8,2,0,7.8,10.33,4.33,18.7489,81.182737,4
1584,0,25,6.92,12,9,0,0,2.1,6.92,0.92,0.8464,0.778688,0
1584,0,25,6.92,12,9,1,1,3.1,8.92,2.92,8.5264,24.897088,1
1584,0,25,6.92,12,9,2,0,3.9,10.92,4.92,24.2064,119.095488,4
1584,0,25,6.92,12,9,3,1,4.7,12.92,6.92,47.8864,331.373888,9
1599,1,24,6.17,7,9,0,2,1.8,6.17,0.17,0.0289,0.00491299999999999,0
1599,1,24,6.17,7,9,1,7,NA,8.17,2.17,4.7089,10.218313,1
1599,1,24,6.17,7,9,2,NA,2.4,10.17,4.17,17.3889,72.511713,4
1608,1,24,7.42,6,5,0,1,3.8,7.42,1.42,2.0164,2.863288,0
1608,1,24,7.42,6,5,1,4,4.8,9.42,3.42,11.6964,40.001688,1
1608,1,24,7.42,6,5,2,2,NA,11.42,5.42,29.3764,159.220088,4
1608,1,24,7.42,6,5,3,4,7,13.42,7.42,55.0564,408.518488,9
1621,1,25,7.83,11,11,0,0,3.5,7.83,1.83,3.3489,6.128487,0
1621,1,25,7.83,11,11,1,1,4.8,9.83,3.83,14.6689,56.181887,1
1621,1,25,7.83,11,11,2,3,5.4,11.83,5.83,33.9889,198.155287,4
1621,1,25,7.83,11,11,3,3,6.2,13.83,7.83,61.3089,480.048687,9
1639,1,24,6.58,12,9,0,0,1.5,6.58,0.58,0.3364,0.195112,0
1639,1,24,6.58,12,9,1,1,2,8.58,2.58,6.6564,17.173512,1
1639,1,24,6.58,12,9,2,1,NA,10.58,4.58,20.9764,96.071912,4
1639,1,24,6.58,12,9,3,0,2.6,12.58,6.58,43.2964,284.890312,9
1648,1,25,7.25,11,9,0,5,4.1,7.25,1.25,1.5625,1.953125,0
1648,1,25,7.25,11,9,1,2,4.7,9.25,3.25,10.5625,34.328125,1
1648,1,25,7.25,11,9,3,1,6.4,13.25,7.25,52.5625,381.078125,9
1652,0,25,6.83,11,11,0,0,3.6,6.83,0.83,0.6889,0.571787,0
1652,0,25,6.83,11,11,1,1,5.4,8.83,2.83,8.0089,22.665187,1
1652,0,25,6.83,11,11,2,0,6.2,10.83,4.83,23.3289,112.678587,4
1652,0,25,6.83,11,11,3,0,7.7,12.83,6.83,46.6489,318.611987,9
1659,1,25,6.42,8,9,0,0,3.7,6.42,0.42,0.1764,0.074088,0
1659,1,25,6.42,8,9,1,0,5.2,8.42,2.42,5.8564,14.172488,1
1659,1,25,6.42,8,9,2,3,5.7,10.42,4.42,19.5364,86.350888,4
1659,1,25,6.42,8,9,3,2,7.8,12.42,6.42,41.2164,264.609288,9
1665,0,24,8,5,11,0,0,4.3,8,2,4,8,0
1665,0,24,8,5,11,1,4,5,10,4,16,64,1
1665,0,24,8,5,11,2,5,5.3,12,6,36,216,4
1665,0,24,8,5,11,3,3,6.7,14,8,64,512,9
1666,1,24,7.58,7,11,0,2,4.7,7.58,1.58,2.4964,3.944312,0
1666,1,24,7.58,7,11,1,3,5.3,9.58,3.58,12.8164,45.882712,1
1666,1,24,7.58,7,11,2,4,6.1,11.58,5.58,31.1364,173.741112,4
1666,1,24,7.58,7,11,3,3,7,13.58,7.58,57.4564,435.519512,9
1682,0,24,6.5,7,5,0,2,1.8,6.5,0.5,0.25,0.125,0
1682,0,24,6.5,7,5,1,1,2.9,8.5,2.5,6.25,15.625,1
1682,0,24,6.5,7,5,3,1,4.2,12.5,6.5,42.25,274.625,9
1700,1,24,6.17,5,5,0,0,1.8,6.17,0.17,0.0289,0.00491299999999999,0
1700,1,24,6.17,5,5,1,4,4.5,8.17,2.17,4.7089,10.218313,1
1700,1,24,6.17,5,5,2,10,5.6,10.17,4.17,17.3889,72.511713,4
1700,1,24,6.17,5,5,3,7,5.8,12.17,6.17,38.0689,234.885113,9
1741,1,23,6.83,10,4,0,2,2.1,6.83,0.83,0.6889,0.571787,0
1741,1,23,6.83,10,4,1,2,3.5,8.83,2.83,8.0089,22.665187,1
1741,1,23,6.83,10,4,2,3,4.5,10.83,4.83,23.3289,112.678587,4
1741,1,23,6.83,10,4,3,2,5.1,12.83,6.83,46.6489,318.611987,9
1756,1,23,7.58,8,7,0,3,2.4,7.58,1.58,2.4964,3.944312,0
1756,1,23,7.58,8,7,1,5,3.7,9.58,3.58,12.8164,45.882712,1
1756,1,23,7.58,8,7,2,5,4.7,11.58,5.58,31.1364,173.741112,4
1756,1,23,7.58,8,7,3,3,5.5,13.58,7.58,57.4564,435.519512,9
1763,0,23,6.75,6,6,0,1,2.6,6.75,0.75,0.5625,0.421875,0
1763,0,23,6.75,6,6,1,1,5.2,8.75,2.75,7.5625,20.796875,1
1763,0,23,6.75,6,6,2,4,NA,10.75,4.75,22.5625,107.171875,4
1763,0,23,6.75,6,6,3,3,NA,12.75,6.75,45.5625,307.546875,9
1810,0,23,6.42,8,6,0,3,2.1,6.42,0.42,0.1764,0.074088,0
1810,0,23,6.42,8,6,1,2,2.3,8.42,2.42,5.8564,14.172488,1
1828,1,24,6.75,9,7,0,1,2.5,6.75,0.75,0.5625,0.421875,0
1828,1,24,6.75,9,7,1,6,4.7,8.75,2.75,7.5625,20.796875,1
1828,1,24,6.75,9,7,2,2,5.3,10.75,4.75,22.5625,107.171875,4
1828,1,24,6.75,9,7,3,3,5.5,12.75,6.75,45.5625,307.546875,9
1830,0,24,6.08,9,7,0,1,1.9,6.08,0.0800000000000001,0.00640000000000001,0.000512000000000001,0
1830,0,24,6.08,9,7,1,0,5.5,8.08,2.08,4.3264,8.998912,1
1830,0,24,6.08,9,7,2,2,5.5,10.08,4.08,16.6464,67.917312,4
1830,0,24,6.08,9,7,3,0,5.5,12.08,6.08,36.9664,224.755712,9
1836,0,23,8,4,3,0,1,2.1,8,2,4,8,0
1836,0,23,8,4,3,1,1,2.5,10,4,16,64,1
1836,0,23,8,4,3,2,2,3.1,12,6,36,216,4
1836,0,23,8,4,3,3,1,3.4,14,8,64,512,9
1843,0,24,7.5,9,11,0,2,2.3,7.5,1.5,2.25,3.375,0
1843,0,24,7.5,9,11,1,1,3.3,9.5,3.5,12.25,42.875,1
1843,0,24,7.5,9,11,2,4,3.3,11.5,5.5,30.25,166.375,4
1848,1,23,6,12,10,0,0,1.8,6,0,0,0,0
1848,1,23,6,12,10,1,0,2.5,8,2,4,8,1
1848,1,23,6,12,10,2,0,4,10,4,16,64,4
1848,1,23,6,12,10,3,0,4.1,12,6,36,216,9
1886,1,24,6.58,3,5,0,1,3,6.58,0.58,0.3364,0.195112,0
1886,1,24,6.58,3,5,1,2,3.8,8.58,2.58,6.6564,17.173512,1
1886,1,24,6.58,3,5,2,1,4.5,10.58,4.58,20.9764,96.071912,4
1886,1,24,6.58,3,5,3,1,5.5,12.58,6.58,43.2964,284.890312,9
1888,0,24,7.25,6,7,0,0,2.5,7.25,1.25,1.5625,1.953125,0
1888,0,24,7.25,6,7,1,0,2.6,9.25,3.25,10.5625,34.328125,1
1888,0,24,7.25,6,7,2,0,3.7,11.25,5.25,27.5625,144.703125,4
1888,0,24,7.25,6,7,3,0,3.5,13.25,7.25,52.5625,381.078125,9
1926,1,24,6.08,6,5,0,2,1.7,6.08,0.0800000000000001,0.00640000000000001,0.000512000000000001,0
1926,1,24,6.08,6,5,1,2,2.2,8.08,2.08,4.3264,8.998912,1
1926,1,24,6.08,6,5,2,0,NA,10.08,4.08,16.6464,67.917312,4
1934,1,23,7.42,10,3,0,7,3.2,7.42,1.42,2.0164,2.863288,0
1934,1,23,7.42,10,3,1,5,5.5,9.42,3.42,11.6964,40.001688,1
1934,1,23,7.42,10,3,2,5,5.6,11.42,5.42,29.3764,159.220088,4
1934,1,23,7.42,10,3,3,4,4.9,13.42,7.42,55.0564,408.518488,9
1940,0,23,6.42,4,6,0,0,1.9,6.42,0.42,0.1764,0.074088,0
1940,0,23,6.42,4,6,1,6,2.8,8.42,2.42,5.8564,14.172488,1
1940,0,23,6.42,4,6,2,3,3.3,10.42,4.42,19.5364,86.350888,4
1940,0,23,6.42,4,6,3,3,3.6,12.42,6.42,41.2164,264.609288,9
1969,1,24,6.42,12,10,0,1,1.8,6.42,0.42,0.1764,0.074088,0
1969,1,24,6.42,12,10,1,5,4.8,8.42,2.42,5.8564,14.172488,1
1969,1,24,6.42,12,10,2,2,6.5,10.42,4.42,19.5364,86.350888,4
1969,1,24,6.42,12,10,3,2,6.8,12.42,6.42,41.2164,264.609288,9
1975,1,23,6.83,7,9,0,4,2.4,6.83,0.83,0.6889,0.571787,0
1975,1,23,6.83,7,9,1,3,3.8,8.83,2.83,8.0089,22.665187,1
1975,1,23,6.83,7,9,2,4,4.7,10.83,4.83,23.3289,112.678587,4
1975,1,23,6.83,7,9,3,4,5.2,12.83,6.83,46.6489,318.611987,9
1996,1,24,7.25,10,11,0,3,1.8,7.25,1.25,1.5625,1.953125,0
1996,1,24,7.25,10,11,1,1,4.1,9.25,3.25,10.5625,34.328125,1
1996,1,24,7.25,10,11,2,0,5.3,11.25,5.25,27.5625,144.703125,4
1996,1,24,7.25,10,11,3,NA,7.9,13.25,7.25,52.5625,381.078125,9
2025,1,23,6.67,12,10,0,4,2.9,6.67,0.67,0.4489,0.300763,0
2025,1,23,6.67,12,10,1,4,2.9,8.67,2.67,7.1289,19.034163,1
2025,1,23,6.67,12,10,2,8,4.5,10.67,4.67,21.8089,101.847563,4
2031,0,23,7.42,6,7,0,3,2.8,7.42,1.42,2.0164,2.863288,0
2031,0,23,7.42,6,7,1,9,3.8,9.42,3.42,11.6964,40.001688,1
2031,0,23,7.42,6,7,2,4,4.3,11.42,5.42,29.3764,159.220088,4
2031,0,23,7.42,6,7,3,7,5,13.42,7.42,55.0564,408.518488,9
2039,1,23,6,6,6,0,0,1.7,6,0,0,0,0
2039,1,23,6,6,6,1,3,4.2,8,2,4,8,1
2058,1,24,6.75,5,7,0,1,3.5,6.75,0.75,0.5625,0.421875,0
2058,1,24,6.75,5,7,1,0,4.2,8.75,2.75,7.5625,20.796875,1
2058,1,24,6.75,5,7,2,2,5.9,10.75,4.75,22.5625,107.171875,4
2058,1,24,6.75,5,7,3,4,6.3,12.75,6.75,45.5625,307.546875,9
2069,1,24,6,7,9,0,1,1.7,6,0,0,0,0
2069,1,24,6,7,9,1,2,2.6,8,2,4,8,1
2069,1,24,6,7,9,2,3,3.1,10,4,16,64,4
2069,1,24,6,7,9,3,2,3.5,12,6,36,216,9
2199,0,22,6.25,6,7,0,0,1.8,6.25,0.25,0.0625,0.015625,0
2199,0,22,6.25,6,7,1,0,2.7,8.25,2.25,5.0625,11.390625,1
2199,0,22,6.25,6,7,2,1,3.5,10.25,4.25,18.0625,76.765625,4
2199,0,22,6.25,6,7,3,0,3.7,12.25,6.25,39.0625,244.140625,9
2201,1,22,7.25,11,10,0,0,3.7,7.25,1.25,1.5625,1.953125,0
2201,1,22,7.25,11,10,1,0,5.9,9.25,3.25,10.5625,34.328125,1
2201,1,22,7.25,11,10,2,0,6.1,11.25,5.25,27.5625,144.703125,4
2201,1,22,7.25,11,10,3,0,8.3,13.25,7.25,52.5625,381.078125,9
2271,1,22,6.75,11,7,0,2,3.1,6.75,0.75,0.5625,0.421875,0
2271,1,22,6.75,11,7,1,2,NA,8.75,2.75,7.5625,20.796875,1
2271,1,22,6.75,11,7,2,4,5.5,10.75,4.75,22.5625,107.171875,4
2271,1,22,6.75,11,7,3,5,6.2,12.75,6.75,45.5625,307.546875,9
2287,0,22,7.92,2,5,0,3,3.5,7.92,1.92,3.6864,7.077888,0
2287,0,22,7.92,2,5,1,1,4.5,9.92,3.92,15.3664,60.236288,1
2287,0,22,7.92,2,5,2,2,4.8,11.92,5.92,35.0464,207.474688,4
2287,0,22,7.92,2,5,3,3,NA,13.92,7.92,62.7264,496.793088,9
2291,0,22,6.5,8,12,0,5,1.6,6.5,0.5,0.25,0.125,0
2291,0,22,6.5,8,12,1,2,2.2,8.5,2.5,6.25,15.625,1
2291,0,22,6.5,8,12,2,1,NA,10.5,4.5,20.25,91.125,4
2291,0,22,6.5,8,12,3,2,2.7,12.5,6.5,42.25,274.625,9
2375,0,23,6,11,9,0,0,2,6,0,0,0,0
2375,0,23,6,11,9,1,1,3.3,8,2,4,8,1
2375,0,23,6,11,9,2,1,4,10,4,16,64,4
2375,0,23,6,11,9,3,1,4.7,12,6,36,216,9
2376,1,23,6.58,7,10,0,2,2,6.58,0.58,0.3364,0.195112,0
2376,1,23,6.58,7,10,1,1,2.3,8.58,2.58,6.6564,17.173512,1
2376,1,23,6.58,7,10,2,0,3.9,10.58,4.58,20.9764,96.071912,4
2376,1,23,6.58,7,10,3,2,4.5,12.58,6.58,43.2964,284.890312,9
2396,1,22,6.67,6,3,0,3,2,6.67,0.67,0.4489,0.300763,0
2396,1,22,6.67,6,3,1,1,3,8.67,2.67,7.1289,19.034163,1
2396,1,22,6.67,6,3,3,0,5.8,12.67,6.67,44.4889,296.740963,9
2454,0,22,6.17,12,10,0,0,2,6.17,0.17,0.0289,0.00491299999999999,0
2454,0,22,6.17,12,10,1,0,3.6,8.17,2.17,4.7089,10.218313,1
2454,0,22,6.17,12,10,2,2,4.6,10.17,4.17,17.3889,72.511713,4
2454,0,22,6.17,12,10,3,0,5.5,12.17,6.17,38.0689,234.885113,9
2480,0,21,6.5,9,7,0,6,1.8,6.5,0.5,0.25,0.125,0
2480,0,21,6.5,9,7,1,2,2.5,8.5,2.5,6.25,15.625,1
2480,0,21,6.5,9,7,2,7,2.9,10.5,4.5,20.25,91.125,4
2480,0,21,6.5,9,7,3,3,3.5,12.5,6.5,42.25,274.625,9
2601,0,22,7.67,9,7,0,4,4.8,7.67,1.67,2.7889,4.657463,0
2601,0,22,7.67,9,7,1,2,5.3,9.67,3.67,13.4689,49.430863,1
2601,0,22,7.67,9,7,2,0,6.4,11.67,5.67,32.1489,182.284263,4
2601,0,22,7.67,9,7,3,0,NA,13.67,7.67,58.8289,451.217663,9
2635,1,21,7,8,7,0,2,2,7,1,1,1,0
2635,1,21,7,8,7,1,6,2.6,9,3,9,27,1
2635,1,21,7,8,7,3,5,3.9,13,7,49,343,9
2655,0,22,6.08,7,4,0,6,2,6.08,0.0800000000000001,0.00640000000000001,0.000512000000000001,0
2655,0,22,6.08,7,4,1,2,4.8,8.08,2.08,4.3264,8.998912,1
2655,0,22,6.08,7,4,2,0,NA,10.08,4.08,16.6464,67.917312,4
2655,0,22,6.08,7,4,3,1,6.3,12.08,6.08,36.9664,224.755712,9
2678,0,28,8,9,11,0,2,4.5,8,2,4,8,0
2678,0,28,8,9,11,1,3,5.8,10,4,16,64,1
2678,0,28,8,9,11,2,6,7.6,12,6,36,216,4
2678,0,28,8,9,11,3,5,8,14,8,64,512,9
2696,1,29,7.67,4,8,0,4,2,7.67,1.67,2.7889,4.657463,0
2696,1,29,7.67,4,8,1,NA,3.5,9.67,3.67,13.4689,49.430863,1
2696,1,29,7.67,4,8,2,2,4.3,11.67,5.67,32.1489,182.284263,4
2696,1,29,7.67,4,8,3,0,NA,13.67,7.67,58.8289,451.217663,9
2716,0,28,6.67,9,12,0,2,3.5,6.67,0.67,0.4489,0.300763,0
2716,0,28,6.67,9,12,1,3,5,8.67,2.67,7.1289,19.034163,1
2716,0,28,6.67,9,12,2,2,5.5,10.67,4.67,21.8089,101.847563,4
2716,0,28,6.67,9,12,3,0,7.7,12.67,6.67,44.4889,296.740963,9
2720,1,28,7.92,9,9,0,5,1.8,7.92,1.92,3.6864,7.077888,0
2720,1,28,7.92,9,9,1,1,3.6,9.92,3.92,15.3664,60.236288,1
2720,1,28,7.92,9,9,2,6,4.3,11.92,5.92,35.0464,207.474688,4
2720,1,28,7.92,9,9,3,4,5.1,13.92,7.92,62.7264,496.793088,9
2724,1,28,6.42,9,5,0,9,1.8,6.42,0.42,0.1764,0.074088,0
2724,1,28,6.42,9,5,1,8,3.4,8.42,2.42,5.8564,14.172488,1
2724,1,28,6.42,9,5,2,10,NA,10.42,4.42,19.5364,86.350888,4
2724,1,28,6.42,9,5,3,9,4.9,12.42,6.42,41.2164,264.609288,9
2780,0,29,6.83,12,8,0,3,2.4,6.83,0.83,0.6889,0.571787,0
2780,0,29,6.83,12,8,1,0,5.4,8.83,2.83,8.0089,22.665187,1
2780,0,29,6.83,12,8,2,0,6.5,10.83,4.83,23.3289,112.678587,4
2780,0,29,6.83,12,8,3,0,7.7,12.83,6.83,46.6489,318.611987,9
2781,1,28,7.92,11,12,0,3,4.2,7.92,1.92,3.6864,7.077888,0
2781,1,28,7.92,11,12,1,4,6.2,9.92,3.92,15.3664,60.236288,1
2781,1,28,7.92,11,12,2,1,5.8,11.92,5.92,35.0464,207.474688,4
2781,1,28,7.92,11,12,3,1,6.1,13.92,7.92,62.7264,496.793088,9
2810,0,28,6.83,11,12,0,2,3.2,6.83,0.83,0.6889,0.571787,0
2810,0,28,6.83,11,12,1,2,4.7,8.83,2.83,8.0089,22.665187,1
2810,0,28,6.83,11,12,2,0,6.4,10.83,4.83,23.3289,112.678587,4
2810,0,28,6.83,11,12,3,0,7.4,12.83,6.83,46.6489,318.611987,9
2833,1,28,7.58,10,9,0,1,2.1,7.58,1.58,2.4964,3.944312,0
2833,1,28,7.58,10,9,2,0,4.2,11.58,5.58,31.1364,173.741112,4
2833,1,28,7.58,10,9,3,0,NA,13.58,7.58,57.4564,435.519512,9
2884,1,28,7.58,11,13,0,4,3.3,7.58,1.58,2.4964,3.944312,0
2884,1,28,7.58,11,13,1,3,4.9,9.58,3.58,12.8164,45.882712,1
2884,1,28,7.58,11,13,2,3,6.1,11.58,5.58,31.1364,173.741112,4
2884,1,28,7.58,11,13,3,5,6.8,13.58,7.58,57.4564,435.519512,9
2890,0,28,7.17,9,8,0,0,2.7,7.17,1.17,1.3689,1.601613,0
2890,0,28,7.17,9,8,1,0,4.9,9.17,3.17,10.0489,31.855013,1
2890,0,28,7.17,9,8,2,NA,5.3,11.17,5.17,26.7289,138.188413,4
2890,0,28,7.17,9,8,3,0,6.6,13.17,7.17,51.4089,368.601813,9
2895,0,28,7.17,11,9,0,0,3.5,7.17,1.17,1.3689,1.601613,0
2895,0,28,7.17,11,9,1,0,5.9,9.17,3.17,10.0489,31.855013,1
2895,0,28,7.17,11,9,2,0,7.8,11.17,5.17,26.7289,138.188413,4
2895,0,28,7.17,11,9,3,0,7.1,13.17,7.17,51.4089,368.601813,9
2957,0,27,6.67,13,10,0,2,2.9,6.67,0.67,0.4489,0.300763,0
2957,0,27,6.67,13,10,1,0,4.5,8.67,2.67,7.1289,19.034163,1
2957,0,27,6.67,13,10,2,3,4.8,10.67,4.67,21.8089,101.847563,4
2957,0,27,6.67,13,10,3,4,6.4,12.67,6.67,44.4889,296.740963,9
3013,0,27,7.17,10,12,0,1,2.2,7.17,1.17,1.3689,1.601613,0
3013,0,27,7.17,10,12,1,1,4.7,9.17,3.17,10.0489,31.855013,1
3013,0,27,7.17,10,12,2,0,3.8,11.17,5.17,26.7289,138.188413,4
3013,0,27,7.17,10,12,3,0,5.7,13.17,7.17,51.4089,368.601813,9
3033,0,28,7.83,10,12,0,1,2.7,7.83,1.83,3.3489,6.128487,0
3033,0,28,7.83,10,12,1,0,3.9,9.83,3.83,14.6689,56.181887,1
3033,0,28,7.83,10,12,2,3,4.9,11.83,5.83,33.9889,198.155287,4
3033,0,28,7.83,10,12,3,0,5.5,13.83,7.83,61.3089,480.048687,9
3039,1,27,7.33,5,8,0,3,4,7.33,1.33,1.7689,2.352637,0
3039,1,27,7.33,5,8,1,1,NA,9.33,3.33,11.0889,36.926037,1
3039,1,27,7.33,5,8,2,1,NA,11.33,5.33,28.4089,151.419437,4
3055,1,28,7.58,2,6,0,0,2.2,7.58,1.58,2.4964,3.944312,0
3055,1,28,7.58,2,6,1,2,3.8,9.58,3.58,12.8164,45.882712,1
3055,1,28,7.58,2,6,2,0,NA,11.58,5.58,31.1364,173.741112,4
3055,1,28,7.58,2,6,3,0,5.4,13.58,7.58,57.4564,435.519512,9
3059,0,27,6.83,7,9,0,0,1.8,6.83,0.83,0.6889,0.571787,0
3059,0,27,6.83,7,9,1,0,3.3,8.83,2.83,8.0089,22.665187,1
3059,0,27,6.83,7,9,2,0,5,10.83,4.83,23.3289,112.678587,4
3059,0,27,6.83,7,9,3,0,6.2,12.83,6.83,46.6489,318.611987,9
3082,1,27,6.08,10,10,0,3,1.6,6.08,0.0800000000000001,0.00640000000000001,0.000512000000000001,0
3082,1,27,6.08,10,10,1,4,2.7,8.08,2.08,4.3264,8.998912,1
3082,1,27,6.08,10,10,2,3,4,10.08,4.08,16.6464,67.917312,4
3082,1,27,6.08,10,10,3,3,5.7,12.08,6.08,36.9664,224.755712,9
3112,1,28,7.25,8,12,0,2,2.2,7.25,1.25,1.5625,1.953125,0
3112,1,28,7.25,8,12,1,1,6,9.25,3.25,10.5625,34.328125,1
3112,1,28,7.25,8,12,2,2,5,11.25,5.25,27.5625,144.703125,4
3112,1,28,7.25,8,12,3,0,5.6,13.25,7.25,52.5625,381.078125,9
3118,0,28,7.17,11,10,0,0,2.3,7.17,1.17,1.3689,1.601613,0
3118,0,28,7.17,11,10,3,1,NA,13.17,7.17,51.4089,368.601813,9
3158,0,27,6.92,7,10,0,2,2.3,6.92,0.92,0.8464,0.778688,0
3158,0,27,6.92,7,10,1,4,3.4,8.92,2.92,8.5264,24.897088,1
3158,0,27,6.92,7,10,2,1,4.5,10.92,4.92,24.2064,119.095488,4
3158,0,27,6.92,7,10,3,1,4.8,12.92,6.92,47.8864,331.373888,9
3164,1,26,8,6,10,0,1,4.3,8,2,4,8,0
3164,1,26,8,6,10,1,0,5.2,10,4,16,64,1
3192,1,26,7.08,14,13,0,0,2.1,7.08,1.08,1.1664,1.259712,0
3192,1,26,7.08,14,13,1,3,4.1,9.08,3.08,9.4864,29.218112,1
3192,1,26,7.08,14,13,2,2,4.9,11.08,5.08,25.8064,131.096512,4
3192,1,26,7.08,14,13,3,5,5.8,13.08,7.08,50.1264,354.894912,9
3223,1,26,6.08,11,12,0,0,1.8,6.08,0.0800000000000001,0.00640000000000001,0.000512000000000001,0
3223,1,26,6.08,11,12,2,2,NA,10.08,4.08,16.6464,67.917312,4
3223,1,26,6.08,11,12,3,1,5.5,12.08,6.08,36.9664,224.755712,9
3239,1,26,6.67,13,11,0,2,2.3,6.67,0.67,0.4489,0.300763,0
3239,1,26,6.67,13,11,1,0,2.6,8.67,2.67,7.1289,19.034163,1
3239,1,26,6.67,13,11,2,1,3.1,10.67,4.67,21.8089,101.847563,4
3239,1,26,6.67,13,11,3,0,4,12.67,6.67,44.4889,296.740963,9
3247,0,26,7,12,11,0,1,3.8,7,1,1,1,0
3247,0,26,7,12,11,1,0,6,9,3,9,27,1
3247,0,26,7,12,11,2,0,6,11,5,25,125,4
3247,0,26,7,12,11,3,0,6.9,13,7,49,343,9
3294,1,26,6.75,10,7,0,0,1.8,6.75,0.75,0.5625,0.421875,0
3294,1,26,6.75,10,7,1,0,2.2,8.75,2.75,7.5625,20.796875,1
3294,1,26,6.75,10,7,2,1,5.5,10.75,4.75,22.5625,107.171875,4
3294,1,26,6.75,10,7,3,2,NA,12.75,6.75,45.5625,307.546875,9
3297,0,26,7.58,6,11,0,0,3.1,7.58,1.58,2.4964,3.944312,0
3297,0,26,7.58,6,11,1,0,4.3,9.58,3.58,12.8164,45.882712,1
3297,0,26,7.58,6,11,2,0,NA,11.58,5.58,31.1364,173.741112,4
3297,0,26,7.58,6,11,3,4,5.3,13.58,7.58,57.4564,435.519512,9
3310,1,26,7.92,8,6,0,3,2.3,7.92,1.92,3.6864,7.077888,0
3310,1,26,7.92,8,6,1,3,2.5,9.92,3.92,15.3664,60.236288,1
3310,1,26,7.92,8,6,2,2,2.9,11.92,5.92,35.0464,207.474688,4
3310,1,26,7.92,8,6,3,6,3.6,13.92,7.92,62.7264,496.793088,9
3329,1,26,6,6,6,0,2,1.7,6,0,0,0,0
3337,0,26,6.67,6,11,0,0,2.4,6.67,0.67,0.4489,0.300763,0
3337,0,26,6.67,6,11,1,1,4.1,8.67,2.67,7.1289,19.034163,1
3352,1,27,6.42,9,12,0,2,2.4,6.42,0.42,0.1764,0.074088,0
3352,1,27,6.42,9,12,1,1,7.4,8.42,2.42,5.8564,14.172488,1
3352,1,27,6.42,9,12,2,1,5.9,10.42,4.42,19.5364,86.350888,4
3352,1,27,6.42,9,12,3,1,NA,12.42,6.42,41.2164,264.609288,9
3382,1,25,6.67,9,6,0,5,2.7,6.67,0.67,0.4489,0.300763,0
3382,1,25,6.67,9,6,1,4,6,8.67,2.67,7.1289,19.034163,1
3382,1,25,6.67,9,6,3,5,NA,12.67,6.67,44.4889,296.740963,9
3404,1,25,7.42,10,8,0,1,3.4,7.42,1.42,2.0164,2.863288,0
3404,1,25,7.42,10,8,2,2,5.2,11.42,5.42,29.3764,159.220088,4
3404,1,25,7.42,10,8,3,0,7.6,13.42,7.42,55.0564,408.518488,9
3405,0,25,6,9,12,0,0,2,6,0,0,0,0
3405,0,25,6,9,12,1,0,3.6,8,2,4,8,1
3405,0,25,6,9,12,2,0,3.5,10,4,16,64,4
3405,0,25,6,9,12,3,0,5.1,12,6,36,216,9
3410,1,25,7.08,6,8,0,2,2,7.08,1.08,1.1664,1.259712,0
3410,1,25,7.08,6,8,1,5,2.9,9.08,3.08,9.4864,29.218112,1
3410,1,25,7.08,6,8,2,6,3.8,11.08,5.08,25.8064,131.096512,4
3410,1,25,7.08,6,8,3,7,4.4,13.08,7.08,50.1264,354.894912,9
3424,0,25,6.5,7,11,0,1,2.2,6.5,0.5,0.25,0.125,0
3424,0,25,6.5,7,11,2,0,NA,10.5,4.5,20.25,91.125,4
3424,0,25,6.5,7,11,3,0,6.4,12.5,6.5,42.25,274.625,9
3443,1,25,6.58,11,5,0,3,1.3,6.58,0.58,0.3364,0.195112,0
3443,1,25,6.58,11,5,1,2,4.4,8.58,2.58,6.6564,17.173512,1
3443,1,25,6.58,11,5,2,4,2.4,10.58,4.58,20.9764,96.071912,4
3443,1,25,6.58,11,5,3,4,NA,12.58,6.58,43.2964,284.890312,9
3483,1,25,7.58,9,9,0,6,2.1,7.58,1.58,2.4964,3.944312,0
3483,1,25,7.58,9,9,1,5,4.1,9.58,3.58,12.8164,45.882712,1
3483,1,25,7.58,9,9,2,4,4.2,11.58,5.58,31.1364,173.741112,4
3483,1,25,7.58,9,9,3,5,4.3,13.58,7.58,57.4564,435.519512,9
3486,1,25,6.17,9,10,0,2,1.5,6.17,0.17,0.0289,0.00491299999999999,0
3486,1,25,6.17,9,10,1,1,2.6,8.17,2.17,4.7089,10.218313,1
3486,1,25,6.17,9,10,2,0,5.3,10.17,4.17,17.3889,72.511713,4
3486,1,25,6.17,9,10,3,3,5.6,12.17,6.17,38.0689,234.885113,9
3500,1,26,7.08,3,9,0,3,1.2,7.08,1.08,1.1664,1.259712,0
3500,1,26,7.08,3,9,1,3,2,9.08,3.08,9.4864,29.218112,1
3500,1,26,7.08,3,9,2,4,3.1,11.08,5.08,25.8064,131.096512,4
3500,1,26,7.08,3,9,3,6,3.4,13.08,7.08,50.1264,354.894912,9
3507,1,25,6.33,2,9,0,4,0.1,6.33,0.33,0.1089,0.035937,0
3507,1,25,6.33,2,9,1,7,2.3,8.33,2.33,5.4289,12.649337,1
3518,1,25,6.17,5,10,0,2,1.8,6.17,0.17,0.0289,0.00491299999999999,0
3518,1,25,6.17,5,10,1,2,4.1,8.17,2.17,4.7089,10.218313,1
3518,1,25,6.17,5,10,2,3,5,10.17,4.17,17.3889,72.511713,4
3518,1,25,6.17,5,10,3,2,5.1,12.17,6.17,38.0689,234.885113,9
3522,1,25,6.5,10,12,0,1,1.8,6.5,0.5,0.25,0.125,0
3522,1,25,6.5,10,12,1,1,4.9,8.5,2.5,6.25,15.625,1
3522,1,25,6.5,10,12,2,4,5.3,10.5,4.5,20.25,91.125,4
3522,1,25,6.5,10,12,3,5,7.8,12.5,6.5,42.25,274.625,9
3565,0,26,6,8,6,0,1,1.4,6,0,0,0,0
3565,0,26,6,8,6,1,1,3.3,8,2,4,8,1
3565,0,26,6,8,6,2,0,NA,10,4,16,64,4
3565,0,26,6,8,6,3,0,6,12,6,36,216,9
3575,0,26,7.92,9,4,0,2,2.4,7.92,1.92,3.6864,7.077888,0
3575,0,26,7.92,9,4,1,2,3.2,9.92,3.92,15.3664,60.236288,1
3575,0,26,7.92,9,4,2,1,4.3,11.92,5.92,35.0464,207.474688,4
3575,0,26,7.92,9,4,3,3,5.7,13.92,7.92,62.7264,496.793088,9
3600,0,25,6.17,12,12,0,0,1.9,6.17,0.17,0.0289,0.00491299999999999,0
3600,0,25,6.17,12,12,1,2,3.7,8.17,2.17,4.7089,10.218313,1
3667,0,25,6.42,4,5,0,1,1.9,6.42,0.42,0.1764,0.074088,0
3667,0,25,6.42,4,5,1,1,3.4,8.42,2.42,5.8564,14.172488,1
3667,0,25,6.42,4,5,2,2,3.5,10.42,4.42,19.5364,86.350888,4
3667,0,25,6.42,4,5,3,6,5,12.42,6.42,41.2164,264.609288,9
3670,0,24,7.67,10,8,0,1,2.8,7.67,1.67,2.7889,4.657463,0
3670,0,24,7.67,10,8,1,0,5,9.67,3.67,13.4689,49.430863,1
3670,0,24,7.67,10,8,3,0,7.5,13.67,7.67,58.8289,451.217663,9
3677,1,24,6.17,8,9,0,5,1.7,6.17,0.17,0.0289,0.00491299999999999,0
3677,1,24,6.17,8,9,1,2,2.9,8.17,2.17,4.7089,10.218313,1
3677,1,24,6.17,8,9,2,0,4.9,10.17,4.17,17.3889,72.511713,4
3677,1,24,6.17,8,9,3,NA,6,12.17,6.17,38.0689,234.885113,9
3690,1,24,7,9,11,0,4,1.6,7,1,1,1,0
3690,1,24,7,9,11,1,3,3.4,9,3,9,27,1
3690,1,24,7,9,11,2,3,4.5,11,5,25,125,4
3690,1,24,7,9,11,3,4,5.7,13,7,49,343,9
3706,0,24,7.17,8,5,0,3,2.4,7.17,1.17,1.3689,1.601613,0
3706,0,24,7.17,8,5,1,1,4.3,9.17,3.17,10.0489,31.855013,1
3706,0,24,7.17,8,5,2,0,5.5,11.17,5.17,26.7289,138.188413,4
3706,0,24,7.17,8,5,3,7,5.5,13.17,7.17,51.4089,368.601813,9
3713,0,24,6.33,9,9,0,3,1.8,6.33,0.33,0.1089,0.035937,0
3713,0,24,6.33,9,9,1,0,3.8,8.33,2.33,5.4289,12.649337,1
3713,0,24,6.33,9,9,2,0,5.1,10.33,4.33,18.7489,81.182737,4
3713,0,24,6.33,9,9,3,5,6.5,12.33,6.33,40.0689,253.636137,9
3778,1,25,6.92,12,10,0,1,2,6.92,0.92,0.8464,0.778688,0
3778,1,25,6.92,12,10,1,0,2.3,8.92,2.92,8.5264,24.897088,1
3778,1,25,6.92,12,10,2,0,6.6,10.92,4.92,24.2064,119.095488,4
3778,1,25,6.92,12,10,3,0,5.8,12.92,6.92,47.8864,331.373888,9
3809,0,25,6.83,11,11,0,0,2,6.83,0.83,0.6889,0.571787,0
3809,0,25,6.83,11,11,1,0,4,8.83,2.83,8.0089,22.665187,1
3809,0,25,6.83,11,11,2,0,4.7,10.83,4.83,23.3289,112.678587,4
3809,0,25,6.83,11,11,3,1,6,12.83,6.83,46.6489,318.611987,9
3813,1,25,6.17,10,12,0,1,1.5,6.17,0.17,0.0289,0.00491299999999999,0
3813,1,25,6.17,10,12,1,1,3.8,8.17,2.17,4.7089,10.218313,1
3813,1,25,6.17,10,12,2,1,4.6,10.17,4.17,17.3889,72.511713,4
3813,1,25,6.17,10,12,3,0,6.4,12.17,6.17,38.0689,234.885113,9
3826,0,25,6.42,6,10,0,2,1.8,6.42,0.42,0.1764,0.074088,0
3826,0,25,6.42,6,10,1,1,3.1,8.42,2.42,5.8564,14.172488,1
3826,0,25,6.42,6,10,3,3,4.8,12.42,6.42,41.2164,264.609288,9
3861,0,24,7.67,8,3,0,3,2.4,7.67,1.67,2.7889,4.657463,0
3861,0,24,7.67,8,3,1,2,3.9,9.67,3.67,13.4689,49.430863,1
3861,0,24,7.67,8,3,2,2,4.4,11.67,5.67,32.1489,182.284263,4
3861,0,24,7.67,8,3,3,2,4.8,13.67,7.67,58.8289,451.217663,9
3868,0,23,6.17,9,10,0,0,1.8,6.17,0.17,0.0289,0.00491299999999999,0
3868,0,23,6.17,9,10,1,1,3.9,8.17,2.17,4.7089,10.218313,1
3868,0,23,6.17,9,10,2,4,5.4,10.17,4.17,17.3889,72.511713,4
3868,0,23,6.17,9,10,3,2,5.8,12.17,6.17,38.0689,234.885113,9
3910,0,23,6.25,6,13,0,1,2,6.25,0.25,0.0625,0.015625,0
3910,0,23,6.25,6,13,1,2,3.6,8.25,2.25,5.0625,11.390625,1
3910,0,23,6.25,6,13,2,1,5.4,10.25,4.25,18.0625,76.765625,4
3910,0,23,6.25,6,13,3,2,6.1,12.25,6.25,39.0625,244.140625,9
3915,0,24,7.08,9,13,0,1,2.5,7.08,1.08,1.1664,1.259712,0
3915,0,24,7.08,9,13,1,NA,4.3,9.08,3.08,9.4864,29.218112,1
3915,0,24,7.08,9,13,2,0,NA,11.08,5.08,25.8064,131.096512,4
3915,0,24,7.08,9,13,3,2,7.9,13.08,7.08,50.1264,354.894912,9
3948,0,23,6,7,10,0,0,1.7,6,0,0,0,0
3948,0,23,6,7,10,1,1,3.3,8,2,4,8,1
3948,0,23,6,7,10,3,2,4.6,12,6,36,216,9
3960,1,23,7.67,8,9,0,0,3.1,7.67,1.67,2.7889,4.657463,0
3960,1,23,7.67,8,9,1,2,4.8,9.67,3.67,13.4689,49.430863,1
3960,1,23,7.67,8,9,2,1,4.8,11.67,5.67,32.1489,182.284263,4
3960,1,23,7.67,8,9,3,1,6.5,13.67,7.67,58.8289,451.217663,9
3974,0,23,6.5,9,12,0,1,2.6,6.5,0.5,0.25,0.125,0
3974,0,23,6.5,9,12,1,2,4,8.5,2.5,6.25,15.625,1
3974,0,23,6.5,9,12,2,1,4.8,10.5,4.5,20.25,91.125,4
3974,0,23,6.5,9,12,3,3,5.1,12.5,6.5,42.25,274.625,9
3985,1,24,7.58,9,11,0,1,2.7,7.58,1.58,2.4964,3.944312,0
3985,1,24,7.58,9,11,1,NA,4.5,9.58,3.58,12.8164,45.882712,1
3985,1,24,7.58,9,11,2,0,NA,11.58,5.58,31.1364,173.741112,4
3985,1,24,7.58,9,11,3,2,7,13.58,7.58,57.4564,435.519512,9
4054,0,22,6.58,4,9,0,1,2.3,6.58,0.58,0.3364,0.195112,0
4054,0,22,6.58,4,9,2,0,NA,10.58,4.58,20.9764,96.071912,4
4054,0,22,6.58,4,9,3,3,6,12.58,6.58,43.2964,284.890312,9
4080,0,22,6.42,10,10,0,2,1.9,6.42,0.42,0.1764,0.074088,0
4080,0,22,6.42,10,10,1,2,3.1,8.42,2.42,5.8564,14.172488,1
4080,0,22,6.42,10,10,2,0,4.1,10.42,4.42,19.5364,86.350888,4
4080,0,22,6.42,10,10,3,1,5.1,12.42,6.42,41.2164,264.609288,9
4123,0,23,6.67,4,8,0,0,0.4,6.67,0.67,0.4489,0.300763,0
4131,0,23,7.08,6,10,0,3,2.4,7.08,1.08,1.1664,1.259712,0
4131,0,23,7.08,6,10,1,2,3.6,9.08,3.08,9.4864,29.218112,1
4131,0,23,7.08,6,10,2,1,4.2,11.08,5.08,25.8064,131.096512,4
4131,0,23,7.08,6,10,3,1,4.7,13.08,7.08,50.1264,354.894912,9
4165,1,22,6.42,7,7,0,4,1.8,6.42,0.42,0.1764,0.074088,0
4165,1,22,6.42,7,7,1,3,4.1,8.42,2.42,5.8564,14.172488,1
4165,1,22,6.42,7,7,2,3,5.3,10.42,4.42,19.5364,86.350888,4
4165,1,22,6.42,7,7,3,2,5.5,12.42,6.42,41.2164,264.609288,9
4171,1,22,6.33,6,9,0,3,1.4,6.33,0.33,0.1089,0.035937,0
4171,1,22,6.33,6,9,1,1,2.2,8.33,2.33,5.4289,12.649337,1
4171,1,22,6.33,6,9,2,7,4,10.33,4.33,18.7489,81.182737,4
4171,1,22,6.33,6,9,3,4,5.2,12.33,6.33,40.0689,253.636137,9
4186,1,23,6.17,7,11,0,2,1.8,6.17,0.17,0.0289,0.00491299999999999,0
4186,1,23,6.17,7,11,1,5,3.4,8.17,2.17,4.7089,10.218313,1
4186,1,23,6.17,7,11,2,1,5.5,10.17,4.17,17.3889,72.511713,4
4186,1,23,6.17,7,11,3,5,6.4,12.17,6.17,38.0689,234.885113,9
4247,0,22,6,5,7,0,5,0.7,6,0,0,0,0
4247,0,22,6,5,7,1,6,2.8,8,2,4,8,1
4247,0,22,6,5,7,2,3,3.7,10,4,16,64,4
4247,0,22,6,5,7,3,4,4.1,12,6,36,216,9
4451,1,28,7.33,10,9,0,1,2.3,7.33,1.33,1.7689,2.352637,0
4451,1,28,7.33,10,9,1,1,4.1,9.33,3.33,11.0889,36.926037,1
4451,1,28,7.33,10,9,2,0,5.7,11.33,5.33,28.4089,151.419437,4
4451,1,28,7.33,10,9,3,1,6.7,13.33,7.33,53.7289,393.832837,9
4488,1,28,6.5,9,12,0,1,2.6,6.5,0.5,0.25,0.125,0
4488,1,28,6.5,9,12,1,0,4.2,8.5,2.5,6.25,15.625,1
4488,1,28,6.5,9,12,2,1,5.3,10.5,4.5,20.25,91.125,4
4488,1,28,6.5,9,12,3,3,6.9,12.5,6.5,42.25,274.625,9
4523,1,28,7.83,7,10,0,2,7.2,7.83,1.83,3.3489,6.128487,0
4523,1,28,7.83,7,10,1,3,5.1,9.83,3.83,14.6689,56.181887,1
4523,1,28,7.83,7,10,2,5,6.5,11.83,5.83,33.9889,198.155287,4
4523,1,28,7.83,7,10,3,4,7.6,13.83,7.83,61.3089,480.048687,9
4528,1,28,6.17,9,11,0,2,2.2,6.17,0.17,0.0289,0.00491299999999999,0
4528,1,28,6.17,9,11,1,1,4.3,8.17,2.17,4.7089,10.218313,1
4528,1,28,6.17,9,11,2,0,6,10.17,4.17,17.3889,72.511713,4
4528,1,28,6.17,9,11,3,0,6.3,12.17,6.17,38.0689,234.885113,9
4560,0,28,7,10,10,0,0,2.3,7,1,1,1,0
4560,0,28,7,10,10,1,1,3.2,9,3,9,27,1
4560,0,28,7,10,10,2,2,4.5,11,5,25,125,4
4560,0,28,7,10,10,3,2,5.3,13,7,49,343,9
4581,1,28,6,8,10,0,2,1.8,6,0,0,0,0
4581,1,28,6,8,10,1,5,5,8,2,4,8,1
4581,1,28,6,8,10,2,2,NA,10,4,16,64,4
4581,1,28,6,8,10,3,5,NA,12,6,36,216,9
4594,1,29,6.83,10,10,0,0,2.6,6.83,0.83,0.6889,0.571787,0
4594,1,29,6.83,10,10,1,0,4.8,8.83,2.83,8.0089,22.665187,1
4594,1,29,6.83,10,10,2,1,6.1,10.83,4.83,23.3289,112.678587,4
4594,1,29,6.83,10,10,3,1,7.4,12.83,6.83,46.6489,318.611987,9
4612,1,29,6,9,10,0,1,1.7,6,0,0,0,0
4612,1,29,6,9,10,1,1,4.1,8,2,4,8,1
4612,1,29,6,9,10,2,0,5.4,10,4,16,64,4
4612,1,29,6,9,10,3,1,7.3,12,6,36,216,9
4669,1,28,7.33,9,7,0,0,4.3,7.33,1.33,1.7689,2.352637,0
4669,1,28,7.33,9,7,1,2,5.3,9.33,3.33,11.0889,36.926037,1
4669,1,28,7.33,9,7,2,5,8.4,11.33,5.33,28.4089,151.419437,4
4669,1,28,7.33,9,7,3,3,7.9,13.33,7.33,53.7289,393.832837,9
4677,1,29,6,10,11,0,1,1.8,6,0,0,0,0
4677,1,29,6,10,11,1,1,3.9,8,2,4,8,1
4677,1,29,6,10,11,2,2,5.6,10,4,16,64,4
4677,1,29,6,10,11,3,1,6.5,12,6,36,216,9
4679,1,28,6,12,13,0,0,1.8,6,0,0,0,0
4679,1,28,6,12,13,1,1,4.3,8,2,4,8,1
4679,1,28,6,12,13,2,1,5.1,10,4,16,64,4
4679,1,28,6,12,13,3,2,7.2,12,6,36,216,9
4700,1,28,6.5,9,11,0,1,1.7,6.5,0.5,0.25,0.125,0
4700,1,28,6.5,9,11,1,0,3.1,8.5,2.5,6.25,15.625,1
4700,1,28,6.5,9,11,2,0,5.4,10.5,4.5,20.25,91.125,4
4700,1,28,6.5,9,11,3,0,6.1,12.5,6.5,42.25,274.625,9
4728,1,28,7.08,12,10,0,3,2.7,7.08,1.08,1.1664,1.259712,0
4728,1,28,7.08,12,10,1,1,4.3,9.08,3.08,9.4864,29.218112,1
4728,1,28,7.08,12,10,2,0,5.5,11.08,5.08,25.8064,131.096512,4
4728,1,28,7.08,12,10,3,0,NA,13.08,7.08,50.1264,354.894912,9
4735,1,28,7.5,10,12,0,5,2.8,7.5,1.5,2.25,3.375,0
4735,1,28,7.5,10,12,1,3,4.2,9.5,3.5,12.25,42.875,1
4740,1,29,7.58,9,12,0,2,2.2,7.58,1.58,2.4964,3.944312,0
4740,1,29,7.58,9,12,1,3,2.9,9.58,3.58,12.8164,45.882712,1
4740,1,29,7.58,9,12,2,1,3.4,11.58,5.58,31.1364,173.741112,4
4740,1,29,7.58,9,12,3,0,5.1,13.58,7.58,57.4564,435.519512,9
4743,0,28,7,12,12,0,3,3,7,1,1,1,0
4743,0,28,7,12,12,1,1,5.6,9,3,9,27,1
4743,0,28,7,12,12,2,1,5.1,11,5,25,125,4
4743,0,28,7,12,12,3,0,6.5,13,7,49,343,9
4755,0,28,6.17,10,9,0,1,2,6.17,0.17,0.0289,0.00491299999999999,0
4755,0,28,6.17,10,9,1,1,4.1,8.17,2.17,4.7089,10.218313,1
4755,0,28,6.17,10,9,2,1,7,10.17,4.17,17.3889,72.511713,4
4755,0,28,6.17,10,9,3,2,8,12.17,6.17,38.0689,234.885113,9
4776,1,29,7.83,13,12,0,1,2.1,7.83,1.83,3.3489,6.128487,0
4776,1,29,7.83,13,12,1,3,4.6,9.83,3.83,14.6689,56.181887,1
4776,1,29,7.83,13,12,2,1,5.8,11.83,5.83,33.9889,198.155287,4
4776,1,29,7.83,13,12,3,5,6.8,13.83,7.83,61.3089,480.048687,9
4794,0,28,7,13,12,0,0,2.7,7,1,1,1,0
4794,0,28,7,13,12,1,0,4.9,9,3,9,27,1
4794,0,28,7,13,12,2,0,5.6,11,5,25,125,4
4794,0,28,7,13,12,3,1,6.7,13,7,49,343,9
4808,1,29,7.5,10,11,0,4,3.8,7.5,1.5,2.25,3.375,0
4808,1,29,7.5,10,11,1,2,4.7,9.5,3.5,12.25,42.875,1
4808,1,29,7.5,10,11,2,2,6.3,11.5,5.5,30.25,166.375,4
4808,1,29,7.5,10,11,3,2,6.7,13.5,7.5,56.25,421.875,9
4832,0,28,6.58,12,6,0,0,3.5,6.58,0.58,0.3364,0.195112,0
4832,0,28,6.58,12,6,1,1,4,8.58,2.58,6.6564,17.173512,1
4832,0,28,6.58,12,6,2,1,6.1,10.58,4.58,20.9764,96.071912,4
4832,0,28,6.58,12,6,3,1,6.2,12.58,6.58,43.2964,284.890312,9
4901,0,28,7.58,11,11,0,0,2.8,7.58,1.58,2.4964,3.944312,0
4901,0,28,7.58,11,11,1,0,5,9.58,3.58,12.8164,45.882712,1
4953,1,29,6.25,8,5,0,4,1.8,6.25,0.25,0.0625,0.015625,0
4953,1,29,6.25,8,5,1,1,5,8.25,2.25,5.0625,11.390625,1
4976,1,28,6.42,9,11,0,4,1.6,6.42,0.42,0.1764,0.074088,0
4976,1,28,6.42,9,11,1,8,2.1,8.42,2.42,5.8564,14.172488,1
5004,1,28,6.5,8,8,0,1,3.7,6.5,0.5,0.25,0.125,0
5004,1,28,6.5,8,8,1,3,5.5,8.5,2.5,6.25,15.625,1
5009,1,28,7.75,8,6,0,4,2,7.75,1.75,3.0625,5.359375,0
5009,1,28,7.75,8,6,1,8,3.4,9.75,3.75,14.0625,52.734375,1
5037,1,28,7.75,5,12,0,0,2.9,7.75,1.75,3.0625,5.359375,0
5037,1,28,7.75,5,12,1,7,5.3,9.75,3.75,14.0625,52.734375,1
5064,0,29,7.25,11,10,0,0,3.2,7.25,1.25,1.5625,1.953125,0
5064,0,29,7.25,11,10,1,0,5,9.25,3.25,10.5625,34.328125,1
5159,0,28,7.75,11,12,0,0,3.5,7.75,1.75,3.0625,5.359375,0
5159,0,28,7.75,11,12,1,1,4.1,9.75,3.75,14.0625,52.734375,1
5159,0,28,7.75,11,12,2,0,5.7,11.75,5.75,33.0625,190.109375,4
5159,0,28,7.75,11,12,3,0,NA,13.75,7.75,60.0625,465.484375,9
5161,1,28,6.92,12,9,0,0,2.7,6.92,0.92,0.8464,0.778688,0
5161,1,28,6.92,12,9,1,0,4,8.92,2.92,8.5264,24.897088,1
5161,1,28,6.92,12,9,2,1,5.9,10.92,4.92,24.2064,119.095488,4
5161,1,28,6.92,12,9,3,2,6.5,12.92,6.92,47.8864,331.373888,9
5197,0,29,6.33,10,8,0,1,1.8,6.33,0.33,0.1089,0.035937,0
5197,0,29,6.33,10,8,1,1,3.9,8.33,2.33,5.4289,12.649337,1
5206,1,29,7.92,9,10,0,4,3.4,7.92,1.92,3.6864,7.077888,0
5206,1,29,7.92,9,10,1,1,4.4,9.92,3.92,15.3664,60.236288,1
5278,0,27,6.17,6,8,0,1,1.8,6.17,0.17,0.0289,0.00491299999999999,0
5278,0,27,6.17,6,8,1,0,3.9,8.17,2.17,4.7089,10.218313,1
5278,0,27,6.17,6,8,2,0,4.7,10.17,4.17,17.3889,72.511713,4
5278,0,27,6.17,6,8,3,0,5.8,12.17,6.17,38.0689,234.885113,9
5283,1,27,7.83,12,9,0,0,3.4,7.83,1.83,3.3489,6.128487,0
5283,1,27,7.83,12,9,1,NA,4.6,9.83,3.83,14.6689,56.181887,1
5283,1,27,7.83,12,9,2,0,5.1,11.83,5.83,33.9889,198.155287,4
5283,1,27,7.83,12,9,3,0,NA,13.83,7.83,61.3089,480.048687,9
5294,0,27,6.83,8,9,0,0,3.5,6.83,0.83,0.6889,0.571787,0
5294,0,27,6.83,8,9,1,0,4.8,8.83,2.83,8.0089,22.665187,1
5294,0,27,6.83,8,9,2,0,5.9,10.83,4.83,23.3289,112.678587,4
5294,0,27,6.83,8,9,3,0,6.7,12.83,6.83,46.6489,318.611987,9
5297,0,27,6.17,9,11,0,0,1.7,6.17,0.17,0.0289,0.00491299999999999,0
5297,0,27,6.17,9,11,1,1,4.2,8.17,2.17,4.7089,10.218313,1
5297,0,27,6.17,9,11,2,1,4.8,10.17,4.17,17.3889,72.511713,4
5297,0,27,6.17,9,11,3,3,5.6,12.17,6.17,38.0689,234.885113,9
5302,1,27,6.83,8,10,0,2,1.8,6.83,0.83,0.6889,0.571787,0
5302,1,27,6.83,8,10,1,0,3.5,8.83,2.83,8.0089,22.665187,1
5302,1,27,6.83,8,10,2,0,4.8,10.83,4.83,23.3289,112.678587,4
5302,1,27,6.83,8,10,3,2,NA,12.83,6.83,46.6489,318.611987,9
5326,0,27,6.67,13,7,0,2,2.3,6.67,0.67,0.4489,0.300763,0
5326,0,27,6.67,13,7,1,1,4.9,8.67,2.67,7.1289,19.034163,1
5326,0,27,6.67,13,7,2,2,5.9,10.67,4.67,21.8089,101.847563,4
5326,0,27,6.67,13,7,3,1,6,12.67,6.67,44.4889,296.740963,9
5355,1,27,6.33,9,12,0,0,1.8,6.33,0.33,0.1089,0.035937,0
5355,1,27,6.33,9,12,1,1,4.5,8.33,2.33,5.4289,12.649337,1
5355,1,27,6.33,9,12,2,0,5.6,10.33,4.33,18.7489,81.182737,4
5355,1,27,6.33,9,12,3,0,6.4,12.33,6.33,40.0689,253.636137,9
5360,1,27,7.75,13,9,0,3,3.8,7.75,1.75,3.0625,5.359375,0
5360,1,27,7.75,13,9,1,5,4.8,9.75,3.75,14.0625,52.734375,1
5360,1,27,7.75,13,9,2,0,5.4,11.75,5.75,33.0625,190.109375,4
5360,1,27,7.75,13,9,3,0,7.1,13.75,7.75,60.0625,465.484375,9
5369,1,27,7.83,10,12,0,3,3.2,7.83,1.83,3.3489,6.128487,0
5369,1,27,7.83,10,12,1,2,3.6,9.83,3.83,14.6689,56.181887,1
5369,1,27,7.83,10,12,2,0,4.7,11.83,5.83,33.9889,198.155287,4
5369,1,27,7.83,10,12,3,2,5.9,13.83,7.83,61.3089,480.048687,9
5411,1,27,7.58,13,12,0,0,2.3,7.58,1.58,2.4964,3.944312,0
5411,1,27,7.58,13,12,1,6,NA,9.58,3.58,12.8164,45.882712,1
5420,0,27,6.08,4,9,0,2,1.4,6.08,0.0800000000000001,0.00640000000000001,0.000512000000000001,0
5420,0,27,6.08,4,9,1,4,3.6,8.08,2.08,4.3264,8.998912,1
5420,0,27,6.08,4,9,2,4,5.2,10.08,4.08,16.6464,67.917312,4
5420,0,27,6.08,4,9,3,4,6,12.08,6.08,36.9664,224.755712,9
5427,0,27,7.67,9,7,0,1,2.8,7.67,1.67,2.7889,4.657463,0
5438,0,28,6.75,9,11,0,1,3,6.75,0.75,0.5625,0.421875,0
5438,0,28,6.75,9,11,1,1,4.1,8.75,2.75,7.5625,20.796875,1
5438,0,28,6.75,9,11,2,3,5,10.75,4.75,22.5625,107.171875,4
5438,0,28,6.75,9,11,3,5,5.5,12.75,6.75,45.5625,307.546875,9
5442,0,27,7,9,10,0,0,3.2,7,1,1,1,0
5442,0,27,7,9,10,1,0,5.2,9,3,9,27,1
5442,0,27,7,9,10,2,NA,6.6,11,5,25,125,4
5442,0,27,7,9,10,3,0,7.9,13,7,49,343,9
5444,0,27,7.33,10,11,0,0,4.3,7.33,1.33,1.7689,2.352637,0
5444,0,27,7.33,10,11,1,1,5.6,9.33,3.33,11.0889,36.926037,1
5444,0,27,7.33,10,11,2,0,5.5,11.33,5.33,28.4089,151.419437,4
5444,0,27,7.33,10,11,3,1,5.8,13.33,7.33,53.7289,393.832837,9
5542,1,27,6.83,11,11,0,3,1.8,6.83,0.83,0.6889,0.571787,0
5542,1,27,6.83,11,11,1,6,2.5,8.83,2.83,8.0089,22.665187,1
5542,1,27,6.83,11,11,2,7,3.6,10.83,4.83,23.3289,112.678587,4
5542,1,27,6.83,11,11,3,9,4.7,12.83,6.83,46.6489,318.611987,9
5572,0,27,7.58,12,12,0,2,4.4,7.58,1.58,2.4964,3.944312,0
5572,0,27,7.58,12,12,1,1,5.4,9.58,3.58,12.8164,45.882712,1
5572,0,27,7.58,12,12,2,1,5.8,11.58,5.58,31.1364,173.741112,4
5572,0,27,7.58,12,12,3,2,6.3,13.58,7.58,57.4564,435.519512,9
5576,1,27,6.67,13,8,0,2,1.7,6.67,0.67,0.4489,0.300763,0
5576,1,27,6.67,13,8,1,6,4,8.67,2.67,7.1289,19.034163,1
5576,1,27,6.67,13,8,2,6,4.9,10.67,4.67,21.8089,101.847563,4
5576,1,27,6.67,13,8,3,6,5.2,12.67,6.67,44.4889,296.740963,9
5595,1,27,6.75,12,10,0,0,2.4,6.75,0.75,0.5625,0.421875,0
5595,1,27,6.75,12,10,1,0,5,8.75,2.75,7.5625,20.796875,1
5595,1,27,6.75,12,10,2,1,5.7,10.75,4.75,22.5625,107.171875,4
5595,1,27,6.75,12,10,3,1,6.9,12.75,6.75,45.5625,307.546875,9
5632,0,28,6.17,11,12,0,1,2,6.17,0.17,0.0289,0.00491299999999999,0
5632,0,28,6.17,11,12,1,0,5.3,8.17,2.17,4.7089,10.218313,1
5632,0,28,6.17,11,12,2,0,4.7,10.17,4.17,17.3889,72.511713,4
5641,1,28,6.83,10,12,0,3,2.9,6.83,0.83,0.6889,0.571787,0
5641,1,28,6.83,10,12,1,1,4.8,8.83,2.83,8.0089,22.665187,1
5643,0,28,6.83,6,10,0,1,2.1,6.83,0.83,0.6889,0.571787,0
5674,1,28,6.42,8,10,0,3,1.8,6.42,0.42,0.1764,0.074088,0
5674,1,28,6.42,8,10,1,5,2.5,8.42,2.42,5.8564,14.172488,1
5718,0,27,7.08,10,11,0,0,2.5,7.08,1.08,1.1664,1.259712,0
5718,0,27,7.08,10,11,1,0,4.9,9.08,3.08,9.4864,29.218112,1
5720,0,27,6.67,10,11,0,1,2,6.67,0.67,0.4489,0.300763,0
5720,0,27,6.67,10,11,1,0,3.1,8.67,2.67,7.1289,19.034163,1
5734,0,27,6.58,10,11,0,0,2.1,6.58,0.58,0.3364,0.195112,0
5734,0,27,6.58,10,11,1,2,3.5,8.58,2.58,6.6564,17.173512,1
5774,0,28,7.67,9,10,0,0,5.1,7.67,1.67,2.7889,4.657463,0
5774,0,28,7.67,9,10,1,3,6.2,9.67,3.67,13.4689,49.430863,1
5776,0,27,7.75,10,7,0,6,2.4,7.75,1.75,3.0625,5.359375,0
5776,0,27,7.75,10,7,1,7,3,9.75,3.75,14.0625,52.734375,1
5825,0,27,7.58,8,13,0,1,2,7.58,1.58,2.4964,3.944312,0
5825,0,27,7.58,8,13,1,0,4,9.58,3.58,12.8164,45.882712,1
5847,0,27,8,10,12,0,1,4.6,8,2,4,8,0
5847,0,27,8,10,12,1,2,5.1,10,4,16,64,1
5878,0,27,6.42,14,12,0,0,1.7,6.42,0.42,0.1764,0.074088,0
5878,0,27,6.42,14,12,1,NA,4.6,8.42,2.42,5.8564,14.172488,1
5878,0,27,6.42,14,12,2,0,5.8,10.42,4.42,19.5364,86.350888,4
5878,0,27,6.42,14,12,3,0,7.2,12.42,6.42,41.2164,264.609288,9
5962,0,27,6.33,9,11,0,1,2.8,6.33,0.33,0.1089,0.035937,0
5962,0,27,6.33,9,11,1,1,4.4,8.33,2.33,5.4289,12.649337,1
5962,0,27,6.33,9,11,2,1,5.1,10.33,4.33,18.7489,81.182737,4
5962,0,27,6.33,9,11,3,0,6,12.33,6.33,40.0689,253.636137,9
6035,1,26,6.33,8,8,0,2,2.3,6.33,0.33,0.1089,0.035937,0
6035,1,26,6.33,8,8,1,3,4.9,8.33,2.33,5.4289,12.649337,1
6035,1,26,6.33,8,8,2,3,NA,10.33,4.33,18.7489,81.182737,4
6035,1,26,6.33,8,8,3,1,7.7,12.33,6.33,40.0689,253.636137,9
6058,1,26,6.08,9,10,0,2,1.8,6.08,0.0800000000000001,0.00640000000000001,0.000512000000000001,0
6058,1,26,6.08,9,10,1,1,2.2,8.08,2.08,4.3264,8.998912,1
6058,1,26,6.08,9,10,2,4,NA,10.08,4.08,16.6464,67.917312,4
6058,1,26,6.08,9,10,3,1,4,12.08,6.08,36.9664,224.755712,9
6063,1,26,6.58,11,10,0,0,2,6.58,0.58,0.3364,0.195112,0
6063,1,26,6.58,11,10,1,0,3.9,8.58,2.58,6.6564,17.173512,1
6063,1,26,6.58,11,10,2,2,4.9,10.58,4.58,20.9764,96.071912,4
6063,1,26,6.58,11,10,3,1,7.7,12.58,6.58,43.2964,284.890312,9
6069,0,26,7.5,11,5,0,2,2.7,7.5,1.5,2.25,3.375,0
6069,0,26,7.5,11,5,1,4,3.4,9.5,3.5,12.25,42.875,1
6069,0,26,7.5,11,5,2,4,4,11.5,5.5,30.25,166.375,4
6069,0,26,7.5,11,5,3,0,4.7,13.5,7.5,56.25,421.875,9
6071,0,27,7.67,14,12,0,0,3.1,7.67,1.67,2.7889,4.657463,0
6071,0,27,7.67,14,12,1,1,4.9,9.67,3.67,13.4689,49.430863,1
6071,0,27,7.67,14,12,2,2,6.1,11.67,5.67,32.1489,182.284263,4
6071,0,27,7.67,14,12,3,0,6.7,13.67,7.67,58.8289,451.217663,9
6083,0,27,7.58,9,12,0,2,2.3,7.58,1.58,2.4964,3.944312,0
6083,0,27,7.58,9,12,1,0,NA,9.58,3.58,12.8164,45.882712,1
6096,1,26,6,8,9,0,1,1.8,6,0,0,0,0
6096,1,26,6,8,9,1,3,3.6,8,2,4,8,1
6096,1,26,6,8,9,2,2,4.6,10,4,16,64,4
6096,1,26,6,8,9,3,5,4.7,12,6,36,216,9
6171,0,26,7.17,9,9,0,2,2.2,7.17,1.17,1.3689,1.601613,0
6171,0,26,7.17,9,9,1,1,3.3,9.17,3.17,10.0489,31.855013,1
6171,0,26,7.17,9,9,2,2,4,11.17,5.17,26.7289,138.188413,4
6171,0,26,7.17,9,9,3,1,4.2,13.17,7.17,51.4089,368.601813,9
6244,0,26,7.92,11,11,0,1,3.7,7.92,1.92,3.6864,7.077888,0
6244,0,26,7.92,11,11,1,1,5,9.92,3.92,15.3664,60.236288,1
6244,0,26,7.92,11,11,2,1,6.9,11.92,5.92,35.0464,207.474688,4
6244,0,26,7.92,11,11,3,1,5.7,13.92,7.92,62.7264,496.793088,9
6246,0,26,7.92,10,9,0,1,3.5,7.92,1.92,3.6864,7.077888,0
6246,0,26,7.92,10,9,1,0,5.7,9.92,3.92,15.3664,60.236288,1
6246,0,26,7.92,10,9,2,0,6.1,11.92,5.92,35.0464,207.474688,4
6246,0,26,7.92,10,9,3,0,6.7,13.92,7.92,62.7264,496.793088,9
6278,1,26,6.17,8,10,0,4,1.4,6.17,0.17,0.0289,0.00491299999999999,0
6278,1,26,6.17,8,10,1,2,4.1,8.17,2.17,4.7089,10.218313,1
6278,1,26,6.17,8,10,2,2,5.2,10.17,4.17,17.3889,72.511713,4
6278,1,26,6.17,8,10,3,0,NA,12.17,6.17,38.0689,234.885113,9
6288,1,26,6.58,12,8,0,0,3.1,6.58,0.58,0.3364,0.195112,0
6288,1,26,6.58,12,8,1,0,5.4,8.58,2.58,6.6564,17.173512,1
6288,1,26,6.58,12,8,2,0,6.6,10.58,4.58,20.9764,96.071912,4
6288,1,26,6.58,12,8,3,0,7.8,12.58,6.58,43.2964,284.890312,9
6295,1,26,7,12,7,0,7,2.2,7,1,1,1,0
6295,1,26,7,12,7,1,1,5.3,9,3,9,27,1
6295,1,26,7,12,7,2,3,5.7,11,5,25,125,4
6295,1,26,7,12,7,3,3,6.1,13,7,49,343,9
6301,0,26,6.83,11,13,0,1,2.2,6.83,0.83,0.6889,0.571787,0
6301,0,26,6.83,11,13,1,2,4.7,8.83,2.83,8.0089,22.665187,1
6301,0,26,6.83,11,13,2,1,5.5,10.83,4.83,23.3289,112.678587,4
6301,0,26,6.83,11,13,3,2,6.6,12.83,6.83,46.6489,318.611987,9
6303,1,26,6.75,8,9,0,1,3.6,6.75,0.75,0.5625,0.421875,0
6303,1,26,6.75,8,9,1,0,5.6,8.75,2.75,7.5625,20.796875,1
6303,1,26,6.75,8,9,2,0,8.3,10.75,4.75,22.5625,107.171875,4
6303,1,26,6.75,8,9,3,0,7.9,12.75,6.75,45.5625,307.546875,9
6309,1,26,7.25,11,11,0,0,2.4,7.25,1.25,1.5625,1.953125,0
6309,1,26,7.25,11,11,1,4,5.2,9.25,3.25,10.5625,34.328125,1
6309,1,26,7.25,11,11,2,4,5.8,11.25,5.25,27.5625,144.703125,4
6309,1,26,7.25,11,11,3,2,7.9,13.25,7.25,52.5625,381.078125,9
6339,1,26,7.92,10,12,0,1,3.9,7.92,1.92,3.6864,7.077888,0
6339,1,26,7.92,10,12,1,NA,4.9,9.92,3.92,15.3664,60.236288,1
6339,1,26,7.92,10,12,2,4,5.7,11.92,5.92,35.0464,207.474688,4
6339,1,26,7.92,10,12,3,0,6.5,13.92,7.92,62.7264,496.793088,9
6349,0,27,7,6,11,0,1,2.5,7,1,1,1,0
6349,0,27,7,6,11,1,3,5.1,9,3,9,27,1
6349,0,27,7,6,11,2,2,5.7,11,5,25,125,4
6349,0,27,7,6,11,3,3,6.2,13,7,49,343,9
6368,1,26,7.08,9,7,0,2,3.4,7.08,1.08,1.1664,1.259712,0
6368,1,26,7.08,9,7,3,4,NA,13.08,7.08,50.1264,354.894912,9
6376,1,27,7.5,7,11,0,5,4.1,7.5,1.5,2.25,3.375,0
6376,1,27,7.5,7,11,1,5,5.6,9.5,3.5,12.25,42.875,1
6376,1,27,7.5,7,11,2,5,5.9,11.5,5.5,30.25,166.375,4
6379,1,26,7.67,8,8,0,2,2.4,7.67,1.67,2.7889,4.657463,0
6379,1,26,7.67,8,8,1,2,3,9.67,3.67,13.4689,49.430863,1
6379,1,26,7.67,8,8,2,7,4.1,11.67,5.67,32.1489,182.284263,4
6395,0,26,6.58,11,7,0,1,2.5,6.58,0.58,0.3364,0.195112,0
6395,0,26,6.58,11,7,1,3,3.9,8.58,2.58,6.6564,17.173512,1
6395,0,26,6.58,11,7,2,3,5.3,10.58,4.58,20.9764,96.071912,4
6395,0,26,6.58,11,7,3,3,5.1,12.58,6.58,43.2964,284.890312,9
6405,1,27,7.42,9,12,0,3,2.2,7.42,1.42,2.0164,2.863288,0
6405,1,27,7.42,9,12,1,2,NA,9.42,3.42,11.6964,40.001688,1
6410,0,26,6.25,6,11,0,0,2.2,6.25,0.25,0.0625,0.015625,0
6410,0,26,6.25,6,11,1,0,5,8.25,2.25,5.0625,11.390625,1
6410,0,26,6.25,6,11,2,0,6.1,10.25,4.25,18.0625,76.765625,4
6410,0,26,6.25,6,11,3,0,8.1,12.25,6.25,39.0625,244.140625,9
6411,1,26,7.17,8,9,0,1,2.1,7.17,1.17,1.3689,1.601613,0
6411,1,26,7.17,8,9,1,4,3.4,9.17,3.17,10.0489,31.855013,1
6411,1,26,7.17,8,9,2,2,4.3,11.17,5.17,26.7289,138.188413,4
6411,1,26,7.17,8,9,3,1,4.4,13.17,7.17,51.4089,368.601813,9
6414,0,26,7.08,12,10,0,0,2.6,7.08,1.08,1.1664,1.259712,0
6414,0,26,7.08,12,10,1,1,3.8,9.08,3.08,9.4864,29.218112,1
6414,0,26,7.08,12,10,2,0,5.8,11.08,5.08,25.8064,131.096512,4
6414,0,26,7.08,12,10,3,0,6.1,13.08,7.08,50.1264,354.894912,9
6422,0,26,6.17,5,9,0,0,1.7,6.17,0.17,0.0289,0.00491299999999999,0
6422,0,26,6.17,5,9,1,0,2.1,8.17,2.17,4.7089,10.218313,1
6422,0,26,6.17,5,9,2,0,2.4,10.17,4.17,17.3889,72.511713,4
6433,1,27,6.08,8,11,0,1,1.7,6.08,0.0800000000000001,0.00640000000000001,0.000512000000000001,0
6433,1,27,6.08,8,11,1,1,4.4,8.08,2.08,4.3264,8.998912,1
6433,1,27,6.08,8,11,2,0,4.9,10.08,4.08,16.6464,67.917312,4
6433,1,27,6.08,8,11,3,5,5.8,12.08,6.08,36.9664,224.755712,9
6445,0,26,7.5,14,11,0,2,4.6,7.5,1.5,2.25,3.375,0
6445,0,26,7.5,14,11,1,0,5.9,9.5,3.5,12.25,42.875,1
6456,0,26,6,13,12,0,0,1.8,6,0,0,0,0
6456,0,26,6,13,12,1,2,5.1,8,2,4,8,1
6469,0,26,6.08,9,8,0,3,1.7,6.08,0.0800000000000001,0.00640000000000001,0.000512000000000001,0
6469,0,26,6.08,9,8,1,0,2.5,8.08,2.08,4.3264,8.998912,1
6476,0,26,7.33,12,10,0,1,1.9,7.33,1.33,1.7689,2.352637,0
6476,0,26,7.33,12,10,1,1,3,9.33,3.33,11.0889,36.926037,1
6490,1,26,7.5,7,12,0,6,3.1,7.5,1.5,2.25,3.375,0
6490,1,26,7.5,7,12,1,7,5.1,9.5,3.5,12.25,42.875,1
6529,0,26,7.83,7,10,0,0,5.1,7.83,1.83,3.3489,6.128487,0
6529,0,26,7.83,7,10,1,0,5.3,9.83,3.83,14.6689,56.181887,1
6532,0,26,7,11,7,0,3,2.4,7,1,1,1,0
6532,0,26,7,11,7,1,0,4.2,9,3,9,27,1
6551,1,26,6.33,9,9,0,2,1.2,6.33,0.33,0.1089,0.035937,0
6551,1,26,6.33,9,9,1,5,4,8.33,2.33,5.4289,12.649337,1
6583,1,26,7.83,11,7,0,1,2.6,7.83,1.83,3.3489,6.128487,0
6583,1,26,7.83,11,7,1,1,3.4,9.83,3.83,14.6689,56.181887,1
6612,0,27,6.42,6,11,0,2,1.9,6.42,0.42,0.1764,0.074088,0
6612,0,27,6.42,6,11,1,2,3.7,8.42,2.42,5.8564,14.172488,1
6734,0,27,6.25,8,11,0,1,2.1,6.25,0.25,0.0625,0.015625,0
6734,0,27,6.25,8,11,1,2,4.7,8.25,2.25,5.0625,11.390625,1
6734,0,27,6.25,8,11,2,2,7,10.25,4.25,18.0625,76.765625,4
6734,0,27,6.25,8,11,3,4,8.2,12.25,6.25,39.0625,244.140625,9
6825,0,25,8,12,10,0,1,2.6,8,2,4,8,0
6825,0,25,8,12,10,1,1,4.4,10,4,16,64,1
6825,0,25,8,12,10,2,0,4.6,12,6,36,216,4
6825,0,25,8,12,10,3,0,5,14,8,64,512,9
6853,0,25,7.67,11,7,0,7,2.8,7.67,1.67,2.7889,4.657463,0
6853,0,25,7.67,11,7,1,6,2.8,9.67,3.67,13.4689,49.430863,1
6853,0,25,7.67,11,7,2,6,3.9,11.67,5.67,32.1489,182.284263,4
6853,0,25,7.67,11,7,3,5,4,13.67,7.67,58.8289,451.217663,9
6874,0,26,6.25,11,8,0,0,2.2,6.25,0.25,0.0625,0.015625,0
6874,0,26,6.25,11,8,1,2,4.2,8.25,2.25,5.0625,11.390625,1
6878,1,26,6.17,14,10,0,0,1.9,6.17,0.17,0.0289,0.00491299999999999,0
6878,1,26,6.17,14,10,1,3,4.8,8.17,2.17,4.7089,10.218313,1
6878,1,26,6.17,14,10,2,1,5.8,10.17,4.17,17.3889,72.511713,4
6878,1,26,6.17,14,10,3,0,7.4,12.17,6.17,38.0689,234.885113,9
6907,0,26,7.42,9,8,0,1,1.9,7.42,1.42,2.0164,2.863288,0
6907,0,26,7.42,9,8,1,3,2.6,9.42,3.42,11.6964,40.001688,1
6907,0,26,7.42,9,8,2,3,3.9,11.42,5.42,29.3764,159.220088,4
6907,0,26,7.42,9,8,3,NA,4.8,13.42,7.42,55.0564,408.518488,9
6919,0,26,6.5,7,10,0,1,2.5,6.5,0.5,0.25,0.125,0
6919,0,26,6.5,7,10,1,2,4.3,8.5,2.5,6.25,15.625,1
6919,0,26,6.5,7,10,2,2,6.5,10.5,4.5,20.25,91.125,4
6919,0,26,6.5,7,10,3,1,6,12.5,6.5,42.25,274.625,9
6932,1,25,7,6,12,0,0,3.3,7,1,1,1,0
6932,1,25,7,6,12,1,1,4.2,9,3,9,27,1
6932,1,25,7,6,12,2,1,4.4,11,5,25,125,4
6932,1,25,7,6,12,3,0,6.6,13,7,49,343,9
6975,1,25,6.25,10,10,0,3,1.8,6.25,0.25,0.0625,0.015625,0
6975,1,25,6.25,10,10,1,1,3.6,8.25,2.25,5.0625,11.390625,1
6975,1,25,6.25,10,10,2,1,NA,10.25,4.25,18.0625,76.765625,4
6975,1,25,6.25,10,10,3,1,NA,12.25,6.25,39.0625,244.140625,9
6997,1,25,8,6,4,0,5,3.6,8,2,4,8,0
6997,1,25,8,6,4,1,10,5.1,10,4,16,64,1
6997,1,25,8,6,4,2,8,5.6,12,6,36,216,4
6997,1,25,8,6,4,3,10,NA,14,8,64,512,9
7045,1,26,6.42,12,13,0,0,3.2,6.42,0.42,0.1764,0.074088,0
7045,1,26,6.42,12,13,1,1,5,8.42,2.42,5.8564,14.172488,1
7045,1,26,6.42,12,13,2,0,6.5,10.42,4.42,19.5364,86.350888,4
7045,1,26,6.42,12,13,3,1,7.2,12.42,6.42,41.2164,264.609288,9
7119,1,26,8,12,10,0,1,3.9,8,2,4,8,0
7185,1,25,6.08,6,11,0,2,1.8,6.08,0.0800000000000001,0.00640000000000001,0.000512000000000001,0
7185,1,25,6.08,6,11,1,1,2.6,8.08,2.08,4.3264,8.998912,1
7185,1,25,6.08,6,11,2,0,3.1,10.08,4.08,16.6464,67.917312,4
7185,1,25,6.08,6,11,3,2,4,12.08,6.08,36.9664,224.755712,9
7201,0,26,7.5,12,8,0,0,4.4,7.5,1.5,2.25,3.375,0
7201,0,26,7.5,12,8,1,2,5.7,9.5,3.5,12.25,42.875,1
7211,1,25,7.58,5,9,0,2,2.2,7.58,1.58,2.4964,3.944312,0
7211,1,25,7.58,5,9,1,4,3.4,9.58,3.58,12.8164,45.882712,1
7221,0,25,6.5,11,12,0,0,2.1,6.5,0.5,0.25,0.125,0
7221,0,25,6.5,11,12,1,1,3.8,8.5,2.5,6.25,15.625,1
7236,1,25,8,9,11,0,2,5.1,8,2,4,8,0
7236,1,25,8,9,11,1,1,6.6,10,4,16,64,1
7242,0,25,7.75,12,8,0,1,3.6,7.75,1.75,3.0625,5.359375,0
7242,0,25,7.75,12,8,1,NA,5.5,9.75,3.75,14.0625,52.734375,1
7244,1,25,7.75,10,10,0,1,3.5,7.75,1.75,3.0625,5.359375,0
7247,0,26,7.75,9,11,0,1,2.5,7.75,1.75,3.0625,5.359375,0
7247,0,26,7.75,9,11,1,1,3.8,9.75,3.75,14.0625,52.734375,1
7259,0,26,7.17,3,4,0,3,1.9,7.17,1.17,1.3689,1.601613,0
7259,0,26,7.17,3,4,1,NA,3.2,9.17,3.17,10.0489,31.855013,1
7266,1,25,6,10,11,0,0,1.7,6,0,0,0,0
7266,1,25,6,10,11,1,NA,4.2,8,2,4,8,1
7288,1,26,6.42,10,13,0,0,1.6,6.42,0.42,0.1764,0.074088,0
7288,1,26,6.42,10,13,1,3,2.5,8.42,2.42,5.8564,14.172488,1
7290,0,25,6.08,5,10,0,0,1.8,6.08,0.0800000000000001,0.00640000000000001,0.000512000000000001,0
7290,0,25,6.08,5,10,1,9,2.6,8.08,2.08,4.3264,8.998912,1
7295,0,26,7,10,6,0,3,3.1,7,1,1,1,0
7295,0,26,7,10,6,1,6,3.7,9,3,9,27,1
7297,1,25,7.5,9,8,0,1,4.7,7.5,1.5,2.25,3.375,0
7297,1,25,7.5,9,8,1,0,5.3,9.5,3.5,12.25,42.875,1
7307,1,25,6.5,12,11,0,1,3.3,6.5,0.5,0.25,0.125,0
7307,1,25,6.5,12,11,1,0,5.4,8.5,2.5,6.25,15.625,1
7311,0,25,7.75,11,12,0,0,4,7.75,1.75,3.0625,5.359375,0
7311,0,25,7.75,11,12,1,1,5.8,9.75,3.75,14.0625,52.734375,1
7315,1,25,7.5,7,10,0,2,1.9,7.5,1.5,2.25,3.375,0
7315,1,25,7.5,7,10,1,2,4.6,9.5,3.5,12.25,42.875,1
7325,0,25,6.25,8,9,0,0,1.7,6.25,0.25,0.0625,0.015625,0
7325,0,25,6.25,8,9,1,3,3.9,8.25,2.25,5.0625,11.390625,1
7380,0,25,6.75,11,11,0,0,2.2,6.75,0.75,0.5625,0.421875,0
7380,0,25,6.75,11,11,1,0,2.8,8.75,2.75,7.5625,20.796875,1
7380,0,25,6.75,11,11,2,2,3.4,10.75,4.75,22.5625,107.171875,4
7380,0,25,6.75,11,11,3,0,4.5,12.75,6.75,45.5625,307.546875,9
7388,1,25,7.83,8,12,0,2,1.8,7.83,1.83,3.3489,6.128487,0
7388,1,25,7.83,8,12,1,0,3.2,9.83,3.83,14.6689,56.181887,1
7388,1,25,7.83,8,12,2,0,NA,11.83,5.83,33.9889,198.155287,4
7388,1,25,7.83,8,12,3,0,6.5,13.83,7.83,61.3089,480.048687,9
7424,1,25,7.58,5,10,0,3,4.7,7.58,1.58,2.4964,3.944312,0
7424,1,25,7.58,5,10,1,3,6,9.58,3.58,12.8164,45.882712,1
7427,1,26,7.33,7,11,0,0,2.5,7.33,1.33,1.7689,2.352637,0
7427,1,26,7.33,7,11,1,0,3.7,9.33,3.33,11.0889,36.926037,1
7482,1,24,6.33,7,12,0,1,1.7,6.33,0.33,0.1089,0.035937,0
7482,1,24,6.33,7,12,1,0,4.8,8.33,2.33,5.4289,12.649337,1
7482,1,24,6.33,7,12,2,1,5.8,10.33,4.33,18.7489,81.182737,4
7482,1,24,6.33,7,12,3,0,6,12.33,6.33,40.0689,253.636137,9
7509,0,24,7.92,3,7,0,5,2.9,7.92,1.92,3.6864,7.077888,0
7509,0,24,7.92,3,7,1,3,NA,9.92,3.92,15.3664,60.236288,1
7509,0,24,7.92,3,7,2,2,3.5,11.92,5.92,35.0464,207.474688,4
7509,0,24,7.92,3,7,3,0,3.8,13.92,7.92,62.7264,496.793088,9
7572,1,24,6.83,12,11,0,1,1.9,6.83,0.83,0.6889,0.571787,0
7572,1,24,6.83,12,11,1,1,3.8,8.83,2.83,8.0089,22.665187,1
7572,1,24,6.83,12,11,2,0,5,10.83,4.83,23.3289,112.678587,4
7572,1,24,6.83,12,11,3,1,4.8,12.83,6.83,46.6489,318.611987,9
7576,0,24,7,11,9,0,2,2.8,7,1,1,1,0
7576,0,24,7,11,9,1,0,4.6,9,3,9,27,1
7576,0,24,7,11,9,2,0,NA,11,5,25,125,4
7576,0,24,7,11,9,3,4,4.9,13,7,49,343,9
7579,1,24,8,11,10,0,2,2.7,8,2,4,8,0
7579,1,24,8,11,10,1,2,4.1,10,4,16,64,1
7579,1,24,8,11,10,2,1,5.4,12,6,36,216,4
7579,1,24,8,11,10,3,0,5.7,14,8,64,512,9
7600,0,25,6.17,10,11,0,1,1.7,6.17,0.17,0.0289,0.00491299999999999,0
7600,0,25,6.17,10,11,1,2,3.9,8.17,2.17,4.7089,10.218313,1
7600,0,25,6.17,10,11,2,3,5,10.17,4.17,17.3889,72.511713,4
7600,0,25,6.17,10,11,3,NA,6,12.17,6.17,38.0689,234.885113,9
7643,0,25,7.92,10,7,0,0,2.8,7.92,1.92,3.6864,7.077888,0
7643,0,25,7.92,10,7,1,1,4.1,9.92,3.92,15.3664,60.236288,1
7673,1,25,6.33,5,8,0,2,1.8,6.33,0.33,0.1089,0.035937,0
7673,1,25,6.33,5,8,1,3,3.5,8.33,2.33,5.4289,12.649337,1
7673,1,25,6.33,5,8,2,3,4.3,10.33,4.33,18.7489,81.182737,4
7673,1,25,6.33,5,8,3,7,5.4,12.33,6.33,40.0689,253.636137,9
7716,0,24,6.17,11,9,0,0,0.9,6.17,0.17,0.0289,0.00491299999999999,0
7716,0,24,6.17,11,9,1,0,2.7,8.17,2.17,4.7089,10.218313,1
7716,0,24,6.17,11,9,2,NA,3.8,10.17,4.17,17.3889,72.511713,4
7716,0,24,6.17,11,9,3,NA,4.7,12.17,6.17,38.0689,234.885113,9
7725,0,25,6.75,10,11,0,1,2.5,6.75,0.75,0.5625,0.421875,0
7725,0,25,6.75,10,11,1,1,NA,8.75,2.75,7.5625,20.796875,1
7725,0,25,6.75,10,11,2,0,4.5,10.75,4.75,22.5625,107.171875,4
7725,0,25,6.75,10,11,3,2,6.1,12.75,6.75,45.5625,307.546875,9
7728,1,24,6.17,6,10,0,3,1.7,6.17,0.17,0.0289,0.00491299999999999,0
7728,1,24,6.17,6,10,1,5,3.7,8.17,2.17,4.7089,10.218313,1
7728,1,24,6.17,6,10,2,1,4.7,10.17,4.17,17.3889,72.511713,4
7728,1,24,6.17,6,10,3,4,7,12.17,6.17,38.0689,234.885113,9
7734,0,24,6.42,11,11,0,0,2.2,6.42,0.42,0.1764,0.074088,0
7734,0,24,6.42,11,11,1,0,5.1,8.42,2.42,5.8564,14.172488,1
7734,0,24,6.42,11,11,2,0,6,10.42,4.42,19.5364,86.350888,4
7734,0,24,6.42,11,11,3,0,7,12.42,6.42,41.2164,264.609288,9
7798,1,24,6.83,10,8,0,3,1.7,6.83,0.83,0.6889,0.571787,0
7798,1,24,6.83,10,8,1,4,1.6,8.83,2.83,8.0089,22.665187,1
7798,1,24,6.83,10,8,2,4,2.2,10.83,4.83,23.3289,112.678587,4
7798,1,24,6.83,10,8,3,1,2.5,12.83,6.83,46.6489,318.611987,9
7811,1,24,6.25,2,8,0,1,2.1,6.25,0.25,0.0625,0.015625,0
7811,1,24,6.25,2,8,1,4,3,8.25,2.25,5.0625,11.390625,1
7811,1,24,6.25,2,8,2,4,NA,10.25,4.25,18.0625,76.765625,4
7811,1,24,6.25,2,8,3,5,3.5,12.25,6.25,39.0625,244.140625,9
7855,0,24,6.33,7,11,0,2,1.7,6.33,0.33,0.1089,0.035937,0
7855,0,24,6.33,7,11,1,2,3.2,8.33,2.33,5.4289,12.649337,1
7855,0,24,6.33,7,11,2,0,3.9,10.33,4.33,18.7489,81.182737,4
7855,0,24,6.33,7,11,3,0,4.7,12.33,6.33,40.0689,253.636137,9
7869,0,24,6.58,11,8,0,0,1.8,6.58,0.58,0.3364,0.195112,0
7869,0,24,6.58,11,8,1,0,3.2,8.58,2.58,6.6564,17.173512,1
7869,0,24,6.58,11,8,2,0,5.3,10.58,4.58,20.9764,96.071912,4
7869,0,24,6.58,11,8,3,0,5.9,12.58,6.58,43.2964,284.890312,9
7873,1,24,7.92,12,10,0,0,4.5,7.92,1.92,3.6864,7.077888,0
7873,1,24,7.92,12,10,1,0,5.2,9.92,3.92,15.3664,60.236288,1
7873,1,24,7.92,12,10,2,0,6.1,11.92,5.92,35.0464,207.474688,4
7873,1,24,7.92,12,10,3,0,7.9,13.92,7.92,62.7264,496.793088,9
7875,1,24,6.5,10,10,0,0,2.1,6.5,0.5,0.25,0.125,0
7875,1,24,6.5,10,10,1,0,5.5,8.5,2.5,6.25,15.625,1
7875,1,24,6.5,10,10,2,0,6.8,10.5,4.5,20.25,91.125,4
7875,1,24,6.5,10,10,3,0,6.9,12.5,6.5,42.25,274.625,9
7891,0,24,6.42,4,1,0,5,1.8,6.42,0.42,0.1764,0.074088,0
7891,0,24,6.42,4,1,1,1,3.6,8.42,2.42,5.8564,14.172488,1
7904,1,24,7.67,8,8,0,0,3,7.67,1.67,2.7889,4.657463,0
7904,1,24,7.67,8,8,1,0,4.7,9.67,3.67,13.4689,49.430863,1
7905,0,24,7.58,9,10,0,3,2.6,7.58,1.58,2.4964,3.944312,0
7905,0,24,7.58,9,10,1,8,4.4,9.58,3.58,12.8164,45.882712,1
7919,1,25,6.42,12,10,0,0,1.8,6.42,0.42,0.1764,0.074088,0
7919,1,25,6.42,12,10,1,0,NA,8.42,2.42,5.8564,14.172488,1
7938,0,24,6.5,9,12,0,0,3.6,6.5,0.5,0.25,0.125,0
7938,0,24,6.5,9,12,1,2,5,8.5,2.5,6.25,15.625,1
7979,0,24,6.75,10,12,0,2,3,6.75,0.75,0.5625,0.421875,0
7979,0,24,6.75,10,12,1,3,NA,8.75,2.75,7.5625,20.796875,1
7986,1,25,6.92,12,11,0,2,1.7,6.92,0.92,0.8464,0.778688,0
7986,1,25,6.92,12,11,1,0,2.1,8.92,2.92,8.5264,24.897088,1
7986,1,25,6.92,12,11,2,0,2.4,10.92,4.92,24.2064,119.095488,4
7986,1,25,6.92,12,11,3,0,3.4,12.92,6.92,47.8864,331.373888,9
8006,1,24,6.08,6,7,0,0,1.3,6.08,0.0800000000000001,0.00640000000000001,0.000512000000000001,0
8006,1,24,6.08,6,7,1,2,2.6,8.08,2.08,4.3264,8.998912,1
8006,1,24,6.08,6,7,2,1,3.4,10.08,4.08,16.6464,67.917312,4
8006,1,24,6.08,6,7,3,0,4.2,12.08,6.08,36.9664,224.755712,9
8031,0,24,7.83,12,10,0,4,3.2,7.83,1.83,3.3489,6.128487,0
8031,0,24,7.83,12,10,1,6,4.9,9.83,3.83,14.6689,56.181887,1
8085,0,24,6.33,10,11,0,2,1.7,6.33,0.33,0.1089,0.035937,0
8085,0,24,6.33,10,11,1,2,3.7,8.33,2.33,5.4289,12.649337,1
8085,0,24,6.33,10,11,2,2,5,10.33,4.33,18.7489,81.182737,4
8085,0,24,6.33,10,11,3,2,6.5,12.33,6.33,40.0689,253.636137,9
8157,0,23,7.92,5,9,0,1,3.5,7.92,1.92,3.6864,7.077888,0
8157,0,23,7.92,5,9,1,0,4.7,9.92,3.92,15.3664,60.236288,1
8190,1,23,6.75,3,9,0,1,2.1,6.75,0.75,0.5625,0.421875,0
8190,1,23,6.75,3,9,1,3,4.7,8.75,2.75,7.5625,20.796875,1
8190,1,23,6.75,3,9,2,5,5.7,10.75,4.75,22.5625,107.171875,4
8190,1,23,6.75,3,9,3,8,5.2,12.75,6.75,45.5625,307.546875,9
8239,0,23,8,8,10,0,1,3.4,8,2,4,8,0
8239,0,23,8,8,10,1,0,4.6,10,4,16,64,1
8239,0,23,8,8,10,2,1,5.8,12,6,36,216,4
8239,0,23,8,8,10,3,0,6.4,14,8,64,512,9
8274,0,24,7.25,8,12,0,3,1.6,7.25,1.25,1.5625,1.953125,0
8274,0,24,7.25,8,12,1,2,5.2,9.25,3.25,10.5625,34.328125,1
8274,0,24,7.25,8,12,2,4,5.6,11.25,5.25,27.5625,144.703125,4
8274,0,24,7.25,8,12,3,3,6.6,13.25,7.25,52.5625,381.078125,9
8288,1,23,7.42,10,7,0,0,2.1,7.42,1.42,2.0164,2.863288,0
8288,1,23,7.42,10,7,1,0,2.4,9.42,3.42,11.6964,40.001688,1
8288,1,23,7.42,10,7,2,0,3.4,11.42,5.42,29.3764,159.220088,4
8288,1,23,7.42,10,7,3,2,3.9,13.42,7.42,55.0564,408.518488,9
8335,0,23,6.5,13,12,0,2,1.7,6.5,0.5,0.25,0.125,0
8361,1,23,7.83,9,8,0,0,5.1,7.83,1.83,3.3489,6.128487,0
8361,1,23,7.83,9,8,1,2,5.7,9.83,3.83,14.6689,56.181887,1
8361,1,23,7.83,9,8,2,2,6.3,11.83,5.83,33.9889,198.155287,4
8361,1,23,7.83,9,8,3,4,7.5,13.83,7.83,61.3089,480.048687,9
8393,1,23,7.17,11,9,0,0,2.6,7.17,1.17,1.3689,1.601613,0
8393,1,23,7.17,11,9,1,1,3.7,9.17,3.17,10.0489,31.855013,1
8393,1,23,7.17,11,9,2,0,4.6,11.17,5.17,26.7289,138.188413,4
8393,1,23,7.17,11,9,3,0,6.3,13.17,7.17,51.4089,368.601813,9
8423,0,23,7.08,8,8,0,3,2.3,7.08,1.08,1.1664,1.259712,0
8423,0,23,7.08,8,8,1,6,4.2,9.08,3.08,9.4864,29.218112,1
8448,0,23,6.5,9,7,0,2,2.2,6.5,0.5,0.25,0.125,0
8448,0,23,6.5,9,7,1,4,4,8.5,2.5,6.25,15.625,1
8459,1,24,6.92,10,10,0,5,2.2,6.92,0.92,0.8464,0.778688,0
8459,1,24,6.92,10,10,1,6,3.3,8.92,2.92,8.5264,24.897088,1
8475,0,23,6.17,13,10,0,0,1.9,6.17,0.17,0.0289,0.00491299999999999,0
8475,0,23,6.17,13,10,1,0,4.2,8.17,2.17,4.7089,10.218313,1
8480,1,23,7.25,9,11,0,2,2.8,7.25,1.25,1.5625,1.953125,0
8480,1,23,7.25,9,11,1,2,4.2,9.25,3.25,10.5625,34.328125,1
8521,0,23,7.67,5,9,0,3,4,7.67,1.67,2.7889,4.657463,0
8521,0,23,7.67,5,9,1,6,5.2,9.67,3.67,13.4689,49.430863,1
8521,0,23,7.67,5,9,2,3,5.7,11.67,5.67,32.1489,182.284263,4
8521,0,23,7.67,5,9,3,3,8,13.67,7.67,58.8289,451.217663,9
8577,0,22,6.5,5,5,0,3,2.1,6.5,0.5,0.25,0.125,0
8577,0,22,6.5,5,5,2,0,4.8,10.5,4.5,20.25,91.125,4
8577,0,22,6.5,5,5,3,10,NA,12.5,6.5,42.25,274.625,9
8580,0,23,6,1,4,0,0,1.3,6,0,0,0,0
8580,0,23,6,1,4,2,0,3.7,10,4,16,64,4
8580,0,23,6,1,4,3,4,NA,12,6,36,216,9
8627,1,22,6.08,9,8,0,4,1.6,6.08,0.0800000000000001,0.00640000000000001,0.000512000000000001,0
8627,1,22,6.08,9,8,1,2,2.5,8.08,2.08,4.3264,8.998912,1
8627,1,22,6.08,9,8,2,3,2.6,10.08,4.08,16.6464,67.917312,4
8627,1,22,6.08,9,8,3,1,3.7,12.08,6.08,36.9664,224.755712,9
8705,0,22,6.08,11,9,0,2,1.8,6.08,0.0800000000000001,0.00640000000000001,0.000512000000000001,0
8705,0,22,6.08,11,9,1,1,4.9,8.08,2.08,4.3264,8.998912,1
8705,0,22,6.08,11,9,2,4,5.9,10.08,4.08,16.6464,67.917312,4
8705,0,22,6.08,11,9,3,4,7,12.08,6.08,36.9664,224.755712,9
8807,1,22,6.42,10,12,0,0,1.8,6.42,0.42,0.1764,0.074088,0
8807,1,22,6.42,10,12,1,0,3.3,8.42,2.42,5.8564,14.172488,1
8807,1,22,6.42,10,12,2,1,4.4,10.42,4.42,19.5364,86.350888,4
8807,1,22,6.42,10,12,3,1,6.1,12.42,6.42,41.2164,264.609288,9
8870,0,23,6,4,10,0,2,1.7,6,0,0,0,0
8870,0,23,6,4,10,1,1,3.7,8,2,4,8,1
8870,0,23,6,4,10,2,0,5.5,10,4,16,64,4
8870,0,23,6,4,10,3,0,6.3,12,6,36,216,9
8915,1,23,7.42,6,7,0,2,3.7,7.42,1.42,2.0164,2.863288,0
8915,1,23,7.42,6,7,1,2,5.3,9.42,3.42,11.6964,40.001688,1
8958,0,22,7,10,8,0,0,2.4,7,1,1,1,0
8958,0,22,7,10,8,1,2,2.7,9,3,9,27,1
9232,0,22,7.17,10,11,0,4,4.3,7.17,1.17,1.3689,1.601613,0
9232,0,22,7.17,10,11,1,2,4.2,9.17,3.17,10.0489,31.855013,1
9286,1,21,6.42,5,9,0,3,1.8,6.42,0.42,0.1764,0.074088,0
9286,1,21,6.42,5,9,1,4,3.8,8.42,2.42,5.8564,14.172488,1
9317,1,21,6,11,9,0,4,1.8,6,0,0,0,0
9317,1,21,6,11,9,1,6,3.4,8,2,4,8,1
9319,1,21,6,7,8,0,2,0.9,6,0,0,0,0
9319,1,21,6,7,8,1,5,5.2,8,2,4,8,1
